-0.04309563,9.680955,-0.47285482,21128618843
0.260968,9.92636,0.2669535,21148861677
0.29328972,9.703699,0.6584055,21168518510
-0.12689269,9.810242,0.7529764,21189095177
-0.22625206,9.713276,0.36870706,19700958
-0.039504327,9.840169,-0.15442601,39139875
0.059855044,9.830592,-0.7661445,59256250
0.2645593,9.835381,-0.7793127,79509083
0.15682021,9.85214,0.03232172,99131542
0.038307227,9.7863,1.0151415,119176292
0.21428105,9.703699,1.3467385,139334667
0.005985504,9.749189,0.688333,159083375
-0.09816227,9.847352,-1.0714053,179638250
0.18794483,9.812635,-1.4317327,199237167
0.142455,9.829395,-0.320823,218864000
0.1328782,9.767146,0.8798691,238747917
-0.17238252,9.757569,1.0726024,259060208
0.005985504,9.872491,0.16759412,278739792
0.11971009,9.7863,-0.7577648,298756208
0.21308395,9.911995,-0.92057055,319003083
0.23702596,9.800665,-0.23942018,338550292
0.08259996,9.767146,0.5494693,359278083
-0.24420857,9.736021,0.80564886,378808667
-0.15322891,9.809045,0.37349546,398423708
0.11971009,9.794679,-0.2669535,418415917
0.31244332,10.020931,-0.51235914,438648500
0.557849,9.713276,-0.12808979,458210125
-0.0035913025,9.78989,0.029927522,478291417
-0.51595044,9.80665,0.17597382,498436583
0.23822308,9.718064,0.35913026,518169500
0.51235914,9.8916445,0.33638534,538913375
-0.24779987,9.714474,0.023942016,558313000
-0.142455,9.870096,-0.16998832,578022167
0.4261679,9.7324295,-0.16879122,598118042
0.12928689,9.855731,0.034715924,618286500
-0.2753332,9.78989,0.18555063,637883333
0.15442601,9.811439,0.25258827,657975708
0.34715924,9.807847,0.17477672,678199167
-0.1316811,9.787497,-0.008379706,698588625
-0.05267244,9.81503,-0.12330139,719286208
0.29807812,9.812635,-0.062249243,737930583
0.08619126,9.776723,0.050278235,757447708
-0.12210429,9.801862,0.12808979,777656167
0.16879122,9.822212,0.17238252,797872584
0.20949265,9.79827,0.049081136,817320459
-0.037110128,9.78989,-0.06464344,837405125
0.025139118,9.8042555,-0.05746084,857642250
0.21068975,9.807847,0.033518825,878005167
0.045489833,9.817424,0.12449849,898036667
-0.034715924,9.797073,0.1436521,917953792
0.10055647,9.813833,0.088585466,937145709
0.16998832,9.788693,0.023942016,957123542
0.016759412,9.799467,-0.027533319,977477000
0.020350715,9.81503,0.029927522,996869709
0.16998832,9.77792,0.075417355,1017805417
0.08619126,9.816227,0.11133038,1037259875
-0.0047884034,9.7958765,0.08140286,1056919875
0.12449849,9.8198185,0.03232172,1078456125
0.11372458,9.7803135,0.0011971008,1097044667
0.011971008,9.837775,0.023942016,1116726917
0.06943185,9.78989,0.074220255,1136776292
0.1352724,9.829395,0.094570965,1157023417
0.044292733,9.805453,0.06943185,1176468417
0.06823475,9.816227,0.01316811,1196636000
0.10654198,9.80665,-0.016759412,1216831459
0.09935937,9.797073,0.08499416,1236478292
0.044292733,9.812635,0.05865794,1258021084
0.090979666,9.801862,0.089782566,1276975000
0.095768064,9.7958765,0.076614454,1296477084
0.04070143,9.797073,0.062249243,1316321459
0.06464344,9.797073,0.033518825,1336574834
0.11252748,9.836577,0.050278235,1356255084
0.05746084,9.79827,0.08499416,1376070334
0.027533319,9.810242,0.090979666,1396611792
0.079008654,9.782708,0.110133275,1416749125
0.088585466,9.8198185,0.05626374,1436721542
0.044292733,9.810242,0.011971008,1456295584
0.10055647,9.811439,0.050278235,1475884417
0.10295067,9.787497,0.059855044,1495957334
0.08499416,9.837775,0.10295067,1516168084
0.05746084,9.810242,0.050278235,1535633459
0.10175357,9.813833,0.046686932,1555644709
0.06464344,9.793482,0.044292733,1576097542
0.05626374,9.799467,0.04309563,1596667501
0.10175357,9.781511,0.074220255,1616332751
0.077811554,9.792285,0.046686932,1635892126
0.07182605,9.818622,0.06823475,1655299709
0.05865794,9.803059,0.049081136,1675566376
0.06584055,9.818622,0.04309563,1695740167
0.075417355,9.8042555,0.06344634,1715173834
0.047884032,9.821015,0.06703765,1735339834
0.06943185,9.78989,0.045489833,1755587542
0.08020575,9.818622,0.039504327,1775170917
0.062249243,9.803059,0.050278235,1796566084
0.076614454,9.78989,0.038307227,1815276459
0.092176765,9.8042555,0.04070143,1835024376
0.06584055,9.783905,0.044292733,1855052376
0.08020575,9.8198185,0.08619126,1875328042
0.08619126,9.81503,0.029927522,1894713501
0.077811554,9.80665,0.039504327,1915034209
0.09696517,9.801862,0.062249243,1935125917
0.073023155,9.797073,0.05865794,1954792209
0.062249243,9.799467,0.073023155,1976431667
0.06823475,9.807847,0.046686932,1995112167
0.05626374,9.7863,0.061052144,2014589667
0.08379706,9.788693,0.046686932,2034481876
0.07182605,9.793482,0.022744916,2054710709
0.06344634,9.81503,0.04070143,2074307834
0.08619126,9.821015,0.08379706,2094455167
0.08379706,9.80665,0.049081136,2114718626
0.07182605,9.818622,0.045489833,2134163959
0.073023155,9.805453,0.05267244,2155155376
0.073023155,9.783905,0.05626374,2174887793
0.076614454,9.817424,0.07182605,2194008543
0.076614454,9.809045,0.062249243,2214192918
0.08499416,9.810242,0.05746084,2234481793
0.10055647,9.81503,0.04070143,2254072126
0.095768064,9.787497,0.06584055,2273933043
0.07182605,9.825804,0.051475335,2294202793
0.077811554,9.785102,0.06344634,2314025751
0.08140286,9.829395,0.062249243,2335424584
0.08499416,9.792285,0.051475335,2354042501
0.06943185,9.831789,0.033518825,2374004751
0.08379706,9.811439,0.08738836,2393615668
0.08379706,9.818622,0.05267244,2414007751
0.076614454,9.799467,0.06823475,2433595126
0.06943185,9.807847,0.06943185,2453641043
0.07062895,9.782708,0.038307227,2473801459
0.06703765,9.816227,0.04309563,2493747626
0.079008654,9.825804,0.04309563,2514194293
0.053869538,9.8198185,0.05746084,2533769584
0.07182605,9.810242,0.051475335,2553400584
0.073023155,9.794679,0.049081136,2573378918
0.079008654,9.81503,0.044292733,2593590959
0.062249243,9.79827,0.06464344,2613144293
0.092176765,9.82341,0.02633622,2633334251
0.06703765,9.810242,0.051475335,2653594709
0.06344634,9.80665,0.06703765,2673117418
0.08140286,9.809045,0.06344634,2694649668
0.06943185,9.792285,0.053869538,2713500459
0.075417355,9.801862,0.055066638,2732877001
0.05746084,9.803059,0.055066638,2752671459
0.079008654,9.831789,0.02633622,2773126334
0.061052144,9.8042555,0.051475335,2792730876
0.092176765,9.8198185,0.04309563,2812865668
0.08020575,9.791088,0.062249243,2833680168
0.062249243,9.817424,0.062249243,2853256834
0.08738836,9.792285,0.049081136,2873322626
0.05626374,9.793482,0.037110128,2893231001
0.08020575,9.7863,0.035913024,2912399918
0.093373865,9.842564,0.05267244,2932373793
0.073023155,9.801862,0.055066638,2952677210
0.08020575,9.811439,0.08020575,2972182918
0.08140286,9.803059,0.06703765,2992318085
0.059855044,9.809045,0.05865794,3016672085
0.08140286,9.82341,0.07062895,3032107460
0.073023155,9.81503,0.06823475,3053523710
0.06943185,9.787497,0.035913024,3072438710
0.073023155,9.81503,0.062249243,3092002335
0.07182605,9.80665,0.04070143,3112067043
0.07182605,9.829395,0.021547815,3132293293
0.074220255,9.805453,0.04309563,3151864918
0.08259996,9.799467,0.079008654,3171908376
0.06584055,9.809045,0.06464344,3194804418
0.077811554,9.807847,0.079008654,3211738085
0.05746084,9.811439,0.06344634,3232363710
0.095768064,9.8198185,0.045489833,3251989376
0.08499416,9.793482,0.08020575,3271462543
0.093373865,9.835381,0.046686932,3291610835
0.06703765,9.811439,0.031124622,3311928043
0.06344634,9.809045,0.079008654,3331707543
0.08020575,9.810242,0.06943185,3351489668
0.061052144,9.809045,0.04070143,3371772626
0.08259996,9.807847,0.053869538,3391564876
0.059855044,9.787497,0.017956512,3412828876
0.062249243,9.793482,0.05626374,3431705668
0.053869538,9.799467,0.08140286,3451237626
0.089782566,9.825804,0.07182605,3471036751
0.08140286,9.810242,0.05267244,3491413585
0.08020575,9.816227,0.04309563,3511024501
0.079008654,9.788693,0.05267244,3531045210
0.06943185,9.821015,0.05267244,3552124418
0.059855044,9.7958765,0.05626374,3571699376
0.06943185,9.792285,0.06823475,3591855627
0.07182605,9.791088,0.06584055,3611228127
0.059855044,9.8042555,0.04070143,3630553543
0.074220255,9.810242,0.045489833,3650898752
0.077811554,9.813833,0.07062895,3671023418
0.089782566,9.785102,0.055066638,3690389960
0.07062895,9.816227,0.06584055,3710548460
0.047884032,9.811439,0.05626374,3731558335
0.075417355,9.80665,0.044292733,3750267377
0.050278235,9.818622,0.061052144,3771209627
0.073023155,9.813833,0.029927522,3790683210
0.062249243,9.788693,0.04309563,3810146293
0.06584055,9.8042555,0.055066638,3830315168
0.077811554,9.787497,0.06464344,3850492418
0.076614454,9.811439,0.059855044,3870193127
0.06943185,9.7803135,0.05267244,3890188335
0.07062895,9.827001,0.05267244,3911086543
0.06703765,9.785102,0.06703765,3930907043
0.093373865,9.836577,0.04070143,3951560085
0.076614454,9.800665,0.04189853,3970379835
0.074220255,9.818622,0.05626374,3989730960
0.077811554,9.801862,0.05746084,4009908960
0.08619126,9.81503,0.046686932,4030125418
0.05746084,9.773131,0.037110128,4049706877
0.095768064,9.803059,0.07062895,4069796002
0.08619126,9.822212,0.075417355,4090722960
0.08379706,9.811439,0.06344634,4110286043
0.076614454,9.807847,0.051475335,4130378418
0.075417355,9.809045,0.07182605,4150328002
0.07062895,9.788693,0.02873042,4168730127
0.08259996,9.816227,0.04189853,4188859335
0.07182605,9.82341,0.045489833,4209444127
0.06464344,9.8042555,0.046686932,4228666543
0.07062895,9.8042555,0.039504327,4248749293
0.05267244,9.7958765,0.031124622,4270148460
0.05626374,9.805453,0.08259996,4289473794
0.06703765,9.822212,0.06464344,4310246919
0.089782566,9.8042555,0.023942016,4329264419
0.07062895,9.812635,0.059855044,4348459627
0.07182605,9.828198,0.05746084,4368479377
0.079008654,9.81503,0.05746084,4388961127
0.08020575,9.812635,0.027533319,4408320669
0.077811554,9.811439,0.06464344,4428520502
0.077811554,9.801862,0.06823475,4448904460
0.05267244,9.817424,0.06584055,4468219294
0.076614454,9.793482,0.053869538,4489836044
0.08619126,9.827001,0.06703765,4508973877
0.08379706,9.8042555,0.05865794,4528006710
0.062249243,9.822212,0.02633622,4548014169
0.094570965,9.816227,0.04309563,4568602210
0.06823475,9.817424,0.035913024,4587907335
0.07182605,9.782708,0.08020575,4607892002
0.062249243,9.818622,0.03232172,4628528585
0.08499416,9.787497,0.035913024,4647975460
0.049081136,9.816227,0.033518825,4669315877
0.074220255,9.80665,0.05865794,4688326294
0.06703765,9.813833,0.089782566,4707659585
0.08020575,9.807847,0.055066638,4727540127
0.06344634,9.810242,0.0047884034,4748123669
0.077811554,9.791088,0.05267244,4767350752
0.06703765,9.810242,0.06344634,4787499294
0.062249243,9.794679,0.062249243,4807967169
0.05746084,9.805453,0.07062895,4827339835
0.062249243,9.822212,0.073023155,4848164794
0.08020575,9.8042555,0.029927522,4867973419
0.07182605,9.776723,0.06344634,4887066669
0.079008654,9.837775,0.08738836,4907211335
0.06703765,9.794679,0.074220255,4927722585
0.089782566,9.7958765,0.059855044,4946865835
0.055066638,9.807847,0.073023155,4966932752
0.079008654,9.821015,0.03232172,4987589502
0.073023155,9.788693,0.05626374,5006878336
0.05267244,9.8437605,0.08619126,5027631294
0.088585466,9.818622,0.051475335,5047462877
0.079008654,9.799467,0.051475335,5066773877
0.06584055,9.809045,0.047884032,5086741627
0.088585466,9.79827,0.06344634,5107192794
0.08140286,9.821015,0.055066638,5126693044
0.08020575,9.782708,0.06344634,5146711877
0.08140286,9.82341,0.039504327,5167251627
0.053869538,9.805453,0.055066638,5186338961
0.073023155,9.817424,0.03232172,5207177252
0.05746084,9.803059,0.062249243,5227019502
0.06464344,9.822212,0.039504327,5246378127
0.076614454,9.80665,0.053869538,5266273252
0.09696517,9.812635,0.06344634,5286852169
0.06703765,9.805453,0.051475335,5306186919
0.025139118,9.834184,0.17357962,5329242544
0.093373865,9.7863,-0.09935937,5346885044
0.39863458,9.898827,-1.3036429,5366072169
0.25498247,9.752781,-2.0853498,5386789377
0.10654198,9.859323,-0.6787562,5406582044
-0.1328782,9.807847,0.18794483,5425967627
0.11971009,9.888053,0.9911995,5445961002
0.09696517,9.716867,2.4899697,5466392877
0.04309563,9.722853,0.4333505,5485764961
-0.51714754,9.721656,2.0410569,5505884294
0.40581718,9.888053,-0.18195933,5527003752
0.39025488,9.898827,-1.0582372,5546031127
0.31124622,9.689334,-2.2158337,5566812044
-0.21428105,9.886856,-1.0474633,5586317919
-0.06464344,9.837775,0.1364695,5605900127
0.20590134,9.824607,0.5470751,5625943794
-0.011971008,9.783905,0.866701,5646238336
-0.39504328,9.605537,1.0869676,5665771169
-0.41180268,9.654618,1.365892,5685957544
-0.2765303,9.689334,0.8846575,5706060003
0.1592144,9.860519,-0.8415619,5725855378
-0.10295067,9.713276,-1.0510546,5746429503
0.061052144,9.871294,-0.58897364,5765823294
0.06823475,9.758766,-0.17118542,5785529211
0.110133275,9.811439,1.4915876,5805605211
0.092176765,9.871294,0.4417302,5825760086
-0.12449849,9.657013,0.25737667,5845340336
0.073023155,9.866506,0.18914193,5865450169
0.17717093,9.698911,-0.2621651,5885681128
0.21068975,9.920375,-0.7781156,5905214669
-0.044292733,9.6845455,0.2801216,5926002586
-0.08738836,9.810242,-0.12330139,5945543711
-0.007182605,9.67018,1.0582372,5964958794
0.23582886,9.994595,-0.16160862,5985198461
0.23942018,9.884461,0.011971008,6005415461
-0.079008654,9.640253,0.50757074,6024874378
0.12808979,9.92636,-0.7517793,6044978503
-0.2741361,9.562442,0.8379706,6065243419
-0.4285621,9.613917,0.78170687,6084780878
0.45729253,9.81503,-0.3172317,6105534753
-0.093373865,9.746795,0.7529764,6124969044
-0.017956512,9.739613,-0.36631286,6144632669
0.35673606,9.996989,-0.33279404,6164590128
-0.044292733,9.68694,0.40940848,6184956003
0.17836803,9.829395,-0.36511576,6204631211
0.017956512,9.755175,-0.10414778,6224558461
-0.039504327,9.661801,0.81043726,6244758461
-0.0023942017,9.935937,-0.45130703,6264369169
0.22625206,9.77792,-0.094570965,6285191878
0.37229836,10.030508,0.35194764,6304689794
0.10295067,9.809045,-0.50517654,6324271461
0.25977087,9.885659,-0.19991584,6344235794
0.15801731,9.846154,0.39384618,6364364878
-0.044292733,9.775525,-0.46686932,6384040045
0.20350714,9.821015,0.48841715,6404205878
-0.11372458,9.679757,0.8331822,6424650628
0.18794483,9.908403,-0.10295067,6444156920
0.01316811,9.757569,-0.2885013,6466215503
0.10534488,9.840169,0.10414778,6484613378
0.24779987,9.913192,-0.4297592,6503860711
0.17717093,9.888053,-0.033518825,6523908461
0.2633622,9.908403,-0.29328972,6544115586
-0.09816227,9.647436,0.11611878,6563833170
0.41299978,10.096349,0.415394,6583787420
-0.023942016,9.689334,-0.24181437,6604023086
0.04189853,9.805453,0.016759412,6624401753
0.10534488,9.7803135,0.260968,6645309211
0.061052144,9.847352,0.4177882,6664053045
0.1352724,9.859323,0.22146365,6683506753
0.18674773,9.872491,-0.18435353,6703533420
0.19393034,9.805453,-0.1604115,6723774670
0.020350715,9.813833,-0.031124622,6743354211
-0.20350714,9.707291,0.08140286,6763632586
0.1412579,9.7803135,0.10654198,6784318961
0.1376666,9.947908,-0.04189853,6804133836
-0.10175357,9.689334,0.088585466,6824770878
0.047884032,9.888053,0.17477672,6843662836
0.1364695,9.707291,0.017956512,6863094295
0.053869538,9.85214,-0.35553896,6882896045
0.04309563,9.801862,0.2753332,6903272253
0.061052144,9.744401,-0.15083471,6922846211
0.11133038,9.904813,0.23223756,6942886545
0.12330139,9.797073,-0.19393034,6963969378
0.17717093,9.821015,0.18794483,6982752753
0.029927522,9.78989,-0.1364695,7003763628
0.089782566,9.801862,0.35314476,7023161003
0.15442601,9.878476,-0.1412579,7042633420
-0.01436521,9.7563715,-0.04309563,7062579878
0.051475335,9.791088,0.38187516,7082836503
0.08619126,9.834184,-0.2681506,7102471378
0.0,9.753978,0.04189853,7122478920
0.11611878,9.864111,0.4237737,7143588962
0.020350715,9.759963,-0.08738836,7163161503
0.17477672,9.910798,0.0,7183857462
-0.007182605,9.734824,-0.019153614,7203055087
0.05267244,9.799467,0.076614454,7222264753
0.08619126,9.803059,0.23942018,7242246795
-0.11372458,9.691729,0.10295067,7262501337
0.17238252,9.834184,0.19991584,7282077378
0.11731588,9.825804,0.15682021,7301953128
0.11492168,9.800665,-0.33159694,7322234378
0.09696517,9.79827,0.10534488,7341817670
0.05267244,9.842564,0.39863458,7362597003
0.038307227,9.782708,-0.5303157,7382260670
0.051475335,9.77792,-0.0023942017,7401746587
0.130484,9.861717,0.5674258,7421753837
0.08379706,9.742006,-0.5638345,7441962837
0.07182605,9.844957,0.47524905,7461556670
0.092176765,9.824607,-0.01316811,7482360545
0.04309563,9.770737,-0.021547815,7501910087
0.034715924,9.8198185,-0.10534488,7522150128
-0.03232172,9.738416,-0.12449849,7542153170
-0.005985504,9.849746,0.009576807,7561943212
0.11611878,9.797073,-0.09935937,7581091128
-0.0023942017,9.81503,0.427365,7601406962
0.08140286,9.832987,-0.20590134,7621531878
-0.06584055,9.689334,0.20590134,7641252670
0.12689269,9.916783,0.51714754,7661171128
0.090979666,9.706094,-0.1412579,7682104128
0.045489833,9.888053,0.06344634,7702050295
0.15801731,9.791088,-0.016759412,7722442253
0.12928689,9.811439,0.2813187,7741577337
-0.011971008,9.816227,-0.2873042,7760578087
0.11971009,9.781511,0.31124622,7780845587
0.061052144,9.834184,-0.1364695,7801273629
0.088585466,9.716867,0.017956512,7820777295
0.08020575,9.88925,0.40940848,7840738379
0.0047884034,9.657013,-0.06464344,7861127504
-0.007182605,9.818622,0.22864626,7881384254
0.037110128,9.740809,-0.093373865,7902118504
0.110133275,9.783905,0.21068975,7921029087
-0.01316811,9.844957,0.09935937,7940415295
0.045489833,9.736021,-0.11611878,7960459587
0.06464344,9.896433,0.20590134,7980605920
0.031124622,9.750386,-0.4417302,8000395629
0.11252748,9.80665,0.5410896,8020309045
0.020350715,9.763555,-0.4381389,8041223295
0.107739076,9.797073,0.2645593,8060150420
0.044292733,9.85214,0.12210429,8081694462
0.075417355,9.752781,-0.21308395,8100488420
0.01436521,9.797073,0.3878607,8119897837
-0.020350715,9.840169,-0.32321724,8140002962
0.09935937,9.765948,0.49081135,8160243879
0.25139117,9.858126,-0.47764325,8179833295
0.075417355,9.8042555,0.09935937,8199972212
0.073023155,9.828198,0.16400282,8220121212
-0.047884032,9.685743,0.2777274,8240531962
0.10055647,9.862914,-0.21667525,8261318587
-0.11611878,9.703699,0.5267244,8280238670
0.24301147,9.939528,-0.1448492,8299622504
0.092176765,9.694122,0.23104046,8319427254
0.15203181,9.9550905,0.10414778,8339811587
-0.034715924,9.7324295,-0.093373865,8359428837
0.19632454,9.859323,0.2777274,8379502254
0.12808979,9.809045,0.055066638,8400666879
-0.027533319,9.749189,-0.20350714,8420185670
0.29328972,9.885659,0.20829555,8440829295
-0.11252748,9.733627,-0.108936176,8459775379
0.14604631,9.879673,0.15442601,8479233337
0.1388637,9.779117,0.2896984,8499175296
0.04309563,9.803059,-0.14963761,8519388212
0.075417355,9.7803135,0.19871874,8538937462
0.015562311,9.77792,-0.06943185,8559079504
0.05865794,9.8198185,0.31483752,8580102337
0.044292733,9.803059,0.053869538,8599837379
-0.050278235,9.718064,0.10654198,8620357837
0.08379706,9.821015,0.07182605,8639287337
0.09935937,9.799467,0.11851298,8658577296
-0.010773907,9.714474,0.15801731,8678761004
0.019153614,9.886856,0.093373865,8698959462
0.10055647,9.750386,0.17477672,8718596587
0.17357962,9.908403,-0.62129533,8738782837
0.11971009,9.722853,0.2789245,8758995296
0.04309563,9.923966,0.04189853,8779240879
0.1400608,9.719262,0.4249708,8800126587
0.1412579,9.919178,0.010773907,8818871046
0.005985504,9.7084875,-0.3184288,8838188087
0.11971009,9.929952,0.050278235,8858303712
0.093373865,9.733627,-0.11611878,8878527712
0.12449849,9.879673,-0.08619126,8898083337
-0.045489833,9.744401,-0.077811554,8918132171
0.11731588,9.828198,0.44651863,8939262587
0.11252748,9.876082,-0.025139118,8958821837
0.110133275,9.716867,0.18914193,8978719879
0.16879122,9.947908,-0.25857377,8998474879
-0.29807812,9.586384,0.46806642,9017840629
0.24301147,9.953894,-0.60094464,9037900712
0.17956513,9.794679,0.45609543,9059423921
0.035913024,9.962274,-0.08499416,9077553171
-0.15562311,9.5013895,0.37349546,9097579879
0.5758055,10.242394,-0.6679823,9117792671
0.25139117,9.67018,0.16759412,9137563212
0.05626374,9.878476,0.24061728,9158180129
0.08619126,9.787497,0.20829555,9177789629
-0.025139118,9.728839,0.039504327,9197446629
0.08499416,9.91439,0.037110128,9217398921
0.18555063,9.791088,0.059855044,9237659838
0.055066638,9.838972,-0.4345476,9257188796
-0.06823475,9.774328,-0.1448492,9277324046
-0.35314476,9.57561,1.1647792,9298263296
0.50278234,10.016143,-0.5554548,9317843588
0.022744916,9.61272,0.073023155,9337938671
-0.021547815,9.962274,0.02873042,9357521879
-0.05626374,9.682152,-0.11851298,9376929296
0.2621651,9.8916445,0.130484,9397105004
0.009576807,9.783905,0.36631286,9417348671
0.19991584,9.829395,-0.09696517,9436952629
0.0,9.846154,-0.055066638,9456891463
0.110133275,9.842564,-0.20590134,9477117421
-0.1316811,9.7563715,-0.2693477,9497598171
0.20709845,9.759963,0.23822308,9518256463
0.24899697,9.969456,0.18315643,9537142921
0.034715924,9.591172,0.60094464,9556437546
0.08140286,9.980229,-0.12689269,9576566213
-0.11133038,9.704897,0.025139118,9597031671
0.022744916,9.807847,-0.47884035,9616468213
0.32321724,9.927557,0.35434186,9636495879
0.059855044,9.749189,0.22146365,9656627546
0.059855044,9.813833,0.088585466,9676359546
-0.015562311,9.817424,0.2717419,9697814213
0.11851298,9.752781,0.1448492,9716592588
0.22864626,9.877279,0.09816227,9735970588
-0.0023942017,9.781511,0.10175357,9756102296
-0.08259996,9.793482,-0.46806642,9776375754
0.02873042,9.848549,0.31004912,9796083838
-0.0047884034,9.652225,0.17357962,9816054921
0.09816227,9.958682,-0.30047232,9836924171
0.1400608,9.714474,0.21667525,9855709713
0.093373865,9.870096,-0.2777274,9876522296
0.093373865,9.728839,0.4225766,9895913963
0.016759412,9.911995,-0.5446809,9915721046
0.110133275,9.757569,-0.027533319,9935610380
0.06344634,9.872491,0.18315643,9955937546
0.19752164,9.740809,0.09935937,9975484213
0.17836803,9.841366,-0.18914193,9995881505
-0.016759412,9.680955,0.61411273,10017207838
0.08619126,9.927557,-0.61411273,10036184046
0.005985504,9.707291,0.2777274,10056346755
0.11611878,9.8677025,0.15801731,10075771546
-0.0011971008,9.712079,0.50517654,10095260130
0.10175357,9.85214,-0.39863458,10115299088
0.1448492,9.758766,0.4177882,10135489380
-0.039504327,9.791088,0.32202014,10155077880
-0.055066638,9.829395,-0.61890113,10175323880
0.09696517,9.722853,0.24301147,10195685005
-0.06584055,9.791088,-0.037110128,10216319088
0.08499416,9.809045,-0.08259996,10236281088
0.11492168,9.801862,0.21308395,10255104046
0.06823475,9.76954,0.60214174,10276918546
0.01316811,9.834184,0.19512744,10294841630
0.10414778,9.8042555,-0.027533319,10315049213
0.0,9.654618,0.5770026,10334746046
0.19991584,9.910798,-0.60094464,10354752921
0.027533319,9.764751,-0.047884032,10374858338
-0.008379706,9.886856,-0.0023942017,10395864713
0.16879122,9.692925,-0.33877954,10416254880
0.142455,9.925163,0.6991069,10434800880
-0.1364695,9.633071,0.5506664,10454217088
0.045489833,9.848549,-0.046686932,10474264588
0.039504327,9.776723,0.053869538,10494609505
0.11252748,9.884461,-0.6943185,10514251838
0.055066638,9.685743,0.39384618,10535395921
0.20709845,9.913192,0.05865794,10555641880
-0.16998832,9.688137,0.5626374,10574153422
0.05626374,9.883265,0.5805939,10596425922
0.022744916,9.713276,0.130484,10614835505
0.20350714,9.883265,0.2621651,10634063588
-0.08140286,9.65821,0.093373865,10653860755
0.3184288,9.923966,-0.39863458,10674299505
0.062249243,9.753978,0.31364042,10693671963
-0.06943185,9.77792,0.029927522,10713893838
0.18914193,9.774328,-0.40462008,10734903963
0.062249243,9.821015,0.16879122,10754606755
0.027533319,9.774328,0.5542577,10774321672
0.16998832,9.874885,0.34356794,10793998047
0.090979666,9.81503,0.49440265,10813494338
0.23822308,9.876082,-0.47046062,10833412047
0.015562311,9.816227,-0.18315643,10853719172
0.06584055,9.809045,-0.025139118,10873349130
0.18555063,9.876082,-0.1592144,10893620255
0.20949265,9.733627,0.049081136,10913864755
0.038307227,9.870096,0.2825158,10934153172
0.1328782,9.841366,-0.12449849,10954872922
0.24301147,9.96347,-0.09816227,10973551797
0.033518825,9.67856,-0.04189853,10993104463
0.11372458,9.938332,0.4177882,11013061922
0.05626374,9.759963,-0.9600749,11033363255
0.34955344,9.872491,-0.14724341,11052975047
0.02873042,9.8437605,0.39863458,11072971880
-0.23822308,9.668983,0.47884035,11093260505
0.52073884,10.068815,0.022744916,11113023672
0.2741361,9.665392,-0.06823475,11134399963
0.2837129,9.961076,-0.724246,11153039672
-0.18794483,9.676167,0.5303157,11172767297
0.30645782,10.024523,-0.89782566,11192960297
0.08020575,9.702502,0.59495914,11212949963
-0.09935937,9.853337,0.5722142,11232519213
0.5758055,9.908403,-0.5650316,11252569088
0.11133038,9.727641,-0.59376204,11273653172
-0.045489833,9.809045,0.15083471,11293231672
-0.092176765,9.725247,0.5781997,11313257214
-0.093373865,9.640253,0.30526072,11332709047
0.33877954,9.923966,-0.11731588,11352452964
-0.011971008,9.764751,-0.2741361,11372357547
-0.07182605,9.749189,-0.1352724,11392774380
-0.0035913025,9.779117,0.034715924,11412190630
0.10175357,9.837775,0.077811554,11432186880
0.073023155,9.715671,-0.08738836,11453214172
0.1604115,9.996989,0.32441434,11472805589
0.12808979,9.759963,-0.5494693,11492841630
0.12330139,9.82341,0.40342298,11512144922
-0.14604631,9.722853,0.9684546,11531904797
0.031124622,9.883265,-0.51235914,11551923589
0.29568392,9.888053,0.18555063,11572152797
-0.050278235,9.667787,0.34596214,11591808714
0.08259996,9.855731,-0.5770026,11611755005
0.075417355,9.794679,0.23582886,11632277047
0.62967503,10.110714,-1.0067618,11652399297
0.11372458,9.676167,0.7422025,11673107505
0.20231004,10.006566,-0.19393034,11692023880
0.06823475,9.745598,0.59376204,11711764547
0.12330139,10.016143,-0.17956513,11731260297
0.019153614,9.514558,0.1316811,11751657297
0.04189853,9.799467,-0.6584055,11771232755
0.1412579,9.849746,0.40821138,11791486047
-0.1328782,9.683349,0.92176765,11811808672
0.04309563,9.831789,-1.0582372,11831103005
0.22146365,9.749189,0.51235914,11851846380
-0.2837129,9.730036,0.15442601,11871362297
0.33159694,9.927557,-1.0151415,11890981797
0.36870706,9.847352,0.61171854,11910890880
-0.17956513,9.704897,0.25977087,11931235422
0.10534488,9.996989,-0.076614454,11950911214
0.007182605,9.561244,0.7086837,11970770089
0.10534488,9.985018,0.22026655,11991913339
0.3196259,9.915586,-1.186327,12011386672
0.45729253,9.858126,0.20111294,12031426922
0.076614454,9.910798,0.2908955,12051204631
-0.008379706,9.634268,0.18195933,12070396006
0.10654198,9.93474,0.6955156,12090414881
-0.11252748,9.633071,0.04070143,12110624714
0.17357962,9.895236,-0.0047884034,12130200714
0.02873042,9.743204,-0.005985504,12150414756
-0.046686932,9.694122,0.5638345,12170538714
0.09935937,9.886856,0.2717419,12190387631
-0.19632454,9.637859,0.6512229,12211030714
0.25378537,9.957485,-0.8499416,12230435172
0.038307227,9.671378,-0.22864626,12250114672
0.20470424,9.909601,-0.20111294,12270151797
0.12449849,9.714474,0.7469909,12290432339
-0.055066638,9.945514,-0.2908955,12309931631
0.04189853,9.618706,0.1352724,12329873714
-0.009576807,9.908403,-0.17357962,12350860256
0.320823,9.645041,-1.4796166,12370674006
0.2645593,10.035296,-0.56982,12391539714
-0.18435353,9.539697,2.2828712,12410276672
-0.076614454,9.910798,-1.4664485,12429793672
0.06464344,9.922769,1.3359646,12449721256
0.36631286,9.768343,0.053869538,12469952547
0.023942016,9.92636,-0.7733272,12489376422
0.08499416,9.764751,-0.034715924,12509815631
0.14724341,9.706094,0.33877954,12529831339
-0.037110128,9.898827,-0.016759412,12549387839
0.088585466,9.621099,0.34117374,12569984047
0.1400608,9.76116,0.60932434,12589761797
-0.19991584,9.828198,0.1352724,12609192964
-0.08140286,9.524135,0.7469909,12629271381
0.093373865,9.92636,-0.51475334,12649435672
0.1592144,9.692925,0.11731588,12669024131
0.08499416,9.894038,0.06584055,12689211506
-0.061052144,9.661801,0.076614454,12709387756
0.20350714,9.895236,-0.3172317,12728967006
-0.11731588,9.55885,1.0761937,12749717756
0.16160862,10.123882,-0.82240826,12769303714
0.06464344,9.537302,0.12808979,12788784964
-0.01316811,9.9550905,-0.08499416,12808914214
0.009576807,9.716867,0.5722142,12829099256
0.10414778,9.719262,0.40222588,12848671714
0.33758244,10.103531,0.8331822,12868794548
0.007182605,9.593566,-1.0414777,12888990464
-0.1352724,9.667787,-0.35194764,12908576256
-0.25139117,9.452309,-5.3354783,12929257464
0.49440265,10.388441,-0.24540567,12948802798
0.18674773,9.657013,-0.35913026,12968641089
0.038307227,9.950302,2.2170308,12988435089
-0.038307227,9.660604,1.8650831,13008713464
-0.89902276,9.38168,0.80804306,13028211464
0.8643068,10.548853,1.3096284,13048377048
0.60812724,9.350554,-0.46686932,13069270089
-0.23223756,10.192117,-2.3331497,13088037506
0.33039984,9.610326,-1.3227965,13109662173
-0.08020575,9.868899,-0.36870706,13128588298
-0.19991584,9.876082,0.2681506,13147859881
-0.089782566,9.436746,0.93373865,13167884506
-0.21068975,9.698911,1.9488802,13188349464
0.021547815,9.8916445,-1.3551182,13207797714
0.48841715,9.821015,0.30047232,13227868256
0.12689269,9.950302,-1.0486604,13248760214
0.11492168,9.55047,-0.41060558,13268337673
0.1412579,10.081984,-0.3172317,13288387464
-0.2837129,9.433155,1.2916719,13308155964
0.16879122,10.011354,-0.60214174,13327440048
0.21188685,9.832987,0.46567222,13347578423
-0.32680854,9.581595,0.6919243,13367695548
-0.11851298,9.911995,0.23942018,13387482715
-0.1376666,9.568427,-0.29448682,13407259173
0.20949265,9.888053,0.10175357,13427644381
-0.055066638,9.7479925,-0.21308395,13447223173
0.03232172,9.876082,0.21787235,13467900048
-0.015562311,9.840169,0.33039984,13487462465
-0.0035913025,9.7479925,-0.33399114,13507003423
-0.20949265,9.743204,0.260968,13527083090
0.037110128,9.817424,-0.02873042,13547284631
0.22864626,9.837775,0.22146365,13566969840
0.1448492,9.97185,-0.34117374,13587151423
0.06584055,9.661801,-0.724246,13607368631
0.23942018,10.079589,0.7350199,13626959548
-0.11252748,9.592369,-0.38307226,13647693548
0.17836803,9.937134,0.12808979,13667200590
-0.10414778,9.751583,0.47884035,13686568548
0.28491,9.975441,-0.9624691,13706527423
0.36032736,9.874885,0.093373865,13726854506
0.33279404,9.9550905,0.2873042,13746497506
-0.06943185,9.8916445,-0.19153613,13766598340
0.35793316,9.910798,-0.22026655,13787097506
-0.23582886,9.629479,0.7146692,13806237256
-0.19752164,9.829395,-1.1971009,13826946048
0.12808979,9.636662,-0.6596026,13846518506
0.39624038,9.956287,-0.17357962,13866231590
-0.2693477,9.630676,0.47405192,13886261715
0.20829555,9.877279,-0.10654198,13906474798
0.37588966,9.874885,0.2621651,13926000548
0.24181437,9.848549,-0.93852705,13946132298
0.022744916,9.725247,0.49919105,13966355465
0.022744916,9.785102,-0.6344634,13986124506
-0.034715924,9.679757,0.5770026,14006831715
-0.06943185,9.76116,-0.094570965,14026358173
0.053869538,9.722853,0.49919105,14045848548
0.11492168,9.947908,-0.24420857,14065836757
0.08020575,9.685743,-0.48722005,14086110798
-0.005985504,9.836577,0.055066638,14105651715
0.14724341,9.874885,-0.5327099,14125678840
0.10055647,9.725247,0.50876784,14146085048
0.031124622,9.944317,0.33399114,14165659382
-0.021547815,9.676167,-0.088585466,14186549715
0.1604115,9.903615,0.7685388,14205928048
0.30765492,9.870096,-0.5398925,14225223632
0.076614454,9.722853,-0.06943185,14245322173
0.25977087,10.043676,-0.3196259,14265623048
-0.25258827,9.449914,0.7266402,14285127590
0.07182605,10.0748005,-0.29807812,14305402382
0.1328782,9.636662,0.2765303,14325562507
0.36750996,10.18254,-0.4429273,14345178757
0.059855044,9.672575,-0.39504328,14365898382
0.20709845,9.884461,-0.10295067,14385485257
0.19871874,9.774328,-0.073023155,14404925215
-0.0047884034,9.775525,-0.037110128,14424903590
0.1352724,9.816227,0.3196259,14445189215
0.60573304,9.8916445,-0.80086046,14464787215
0.439336,10.123882,0.07062895,14484697840
0.22744916,9.847352,-0.82480246,14505099757
0.30526072,9.767146,-0.2741361,14524710132
0.019153614,9.892841,-0.06703765,14545578548
-0.4321534,9.536105,0.90261406,14564999673
0.60094464,10.135853,-0.36391866,14584752548
0.12449849,9.665392,-0.30526072,14604398882
0.2645593,9.952697,0.18914193,14624725132
-0.033518825,9.821015,-0.35314476,14644296423
-0.05267244,9.611523,0.415394,14664432632
0.130484,9.994595,-0.037110128,14684590757
0.055066638,9.627085,0.11133038,14704191048
0.24899697,9.999383,0.06943185,14724754382
0.009576807,9.733627,-0.18435353,14744765090
0.06584055,9.872491,0.050278235,14764002049
-0.08259996,9.677363,0.17597382,14784172632
0.02633622,9.767146,0.3196259,14804183882
0.19273324,9.903615,-0.24061728,14824117049
0.14844051,9.703699,-0.62009823,14843810632
0.15801731,9.988609,0.22864626,14864125799
0.1328782,9.696517,-0.79966336,14883695715
0.08738836,9.884461,0.41299978,14904623965
-0.031124622,9.793482,-0.24660277,14924037257
0.051475335,9.733627,-0.15682021,14943471549
0.15682021,9.933543,0.56982,14963524340
0.11133038,9.709685,-0.40102878,14983973215
0.11372458,9.838972,0.40342298,15003455424
0.08379706,9.793482,0.02873042,15024376090
0.023942016,9.8042555,-0.5446809,15043954715
0.023942016,9.76954,0.4405331,15063522007
0.18435353,9.858126,-0.51475334,15085044174
-0.015562311,9.671378,-0.02873042,15103581174
0.108936176,9.957485,-0.15442601,15123066757
0.049081136,9.683349,0.545878,15143097674
0.08140286,9.940725,-0.2765303,15163482590
0.009576807,9.712079,0.20350714,15183215549
0.24181437,9.896433,0.08619126,15203134382
0.0035913025,9.743204,-0.700304,15223511132
0.19752164,9.856929,0.44651863,15243802882
-0.025139118,9.859323,0.019153614,15264493007
0.11133038,9.721656,-0.24061728,15283452924
0.108936176,9.928755,0.30645782,15302666507
0.090979666,9.730036,-0.2705448,15322686382
0.15203181,9.8677025,0.1400608,15343132299
-0.077811554,9.720459,0.04070143,15362759632
0.08020575,9.788693,-0.22625206,15382828632
-0.033518825,9.818622,0.50397944,15403102299
-0.02873042,9.77792,-0.6847417,15423439757
0.24181437,9.830592,0.38307226,15444090174
0.04070143,9.791088,-0.22266077,15463019841
-0.033518825,9.782708,0.073023155,15482440174
0.1340753,9.91798,-0.18315643,15502401757
0.19991584,9.825804,-0.4381389,15522637424
-0.017956512,9.645041,0.35913026,15542209882
-0.092176765,9.856929,-0.25139117,15562325882
0.01316811,9.572019,0.22864626,15583360757
0.29328972,10.030508,0.23942018,15602662132
-0.16280572,9.736021,0.08020575,15623684507
0.10055647,9.927557,0.39384618,15642606591
0.1340753,9.838972,-0.32202014,15661973966
0.11372458,9.792285,0.029927522,15682061216
0.15203181,9.982624,-0.17597382,15702278174
0.29568392,9.848549,-0.31364042,15721882007
0.23343466,9.962274,-0.08619126,15741929216
-0.079008654,9.811439,-0.12808979,15762198632
-0.046686932,9.810242,0.23343466,15781943299
0.007182605,9.64145,0.8882488,15802442091
-0.41180268,9.745598,0.074220255,15821779674
0.15442601,9.925163,-0.8331822,15841404257
0.1412579,9.64983,-0.32441434,15861517507
-0.19991584,9.865308,0.2837129,15881682549
-0.34237084,9.689334,-0.47046062,15901563799
0.1376666,9.586384,0.7757214,15922076841
-0.15442601,9.831789,0.60453594,15942317466
-0.079008654,9.7240505,-0.8678981,15961305049
0.22266077,9.631873,0.5746084,15983016924
-0.046686932,9.929952,0.21787235,16001742841
0.12330139,9.773131,0.062249243,16020972091
0.16879122,9.920375,0.023942016,16041187716
-0.07062895,9.676167,0.61770403,16061335174
-0.05746084,9.8677025,-0.80325466,16081107632
0.25258827,9.841366,-0.050278235,16101850674
-0.04309563,9.67018,0.08379706,16122057049
0.04309563,9.987412,0.017956512,16141697299
0.015562311,9.594764,0.17956513,16161682966
0.2657564,9.937134,-0.061052144,16181300341
0.033518825,9.799467,0.044292733,16200664883
0.019153614,9.807847,-0.20829555,16220597341
0.02633622,9.698911,0.2765303,16240842799
0.31244332,10.012551,-0.19871874,16260472966
0.17836803,9.742006,0.320823,16280577716
0.10175357,9.900024,-0.78529817,16300676258
0.0023942017,9.752781,-0.15203181,16321014966
0.23104046,9.958682,0.051475335,16341101758
0.02873042,9.688137,0.23942018,16360560258
0.1376666,9.91439,0.25139117,16380409299
0.17118542,9.868899,0.58538234,16400252924
0.049081136,9.832987,-0.5494693,16420463466
0.034715924,9.679757,0.06464344,16440207216
0.1604115,9.953894,-0.7074866,16460183966
-0.22625206,9.585187,0.7757214,16480331758
0.25737667,10.053253,-1.0235212,16499935633
-0.02873042,9.588778,0.6584055,16521404966
0.110133275,10.041282,-0.0023942017,16540929924
-0.19393034,9.534908,0.24540567,16559943466
0.39264908,10.043676,-0.33039984,16579911758
0.025139118,9.744401,0.009576807,16600102549
0.016759412,9.8042555,-0.17357962,16619572924
-0.03232172,9.79827,0.019153614,16639746258
0.021547815,9.715671,0.2621651,16659908549
0.06344634,9.793482,0.20231004,16680317008
-0.15083471,9.680955,0.14963761,16700434466
0.260968,9.877279,-0.5722142,16719869591
-0.10175357,9.710882,0.049081136,16739609008
0.17118542,9.911995,-0.33518824,16759514924
0.22625206,9.913192,0.6548142,16779835508
0.2741361,9.80665,-1.0007763,16799268133
-0.06703765,9.716867,1.5765818,16819514008
-0.03232172,9.970653,-1.2593501,16839635133
0.19153613,9.496601,0.1592144,16859234341
-0.17597382,9.96347,0.5422867,16879837758
-0.6452374,9.369708,1.2366052,16899425675
0.37349546,10.070012,-1.2545617,16919003300
0.20350714,9.623494,0.06943185,16939014758
-0.038307227,9.844957,0.59495914,16959194425
0.08379706,9.874885,-0.3196259,16978978466
0.06943185,9.76116,0.5434838,16998828591
-0.107739076,9.82341,0.842759,17019783300
0.01316811,9.831789,-0.60333884,17039359966
-0.15562311,9.576807,1.186327,17060208425
-0.17118542,9.8677025,-0.4357447,17079192050
0.19273324,9.7719345,-0.6572084,17098573050
0.2669535,9.901221,0.02873042,17118496550
-0.24660277,9.662998,0.38187516,17138787716
-0.031124622,9.800665,0.36152446,17158311216
-0.11372458,9.671378,0.44771573,17178710050
-0.025139118,9.800665,-0.16998832,17198636966
-0.16400282,9.733627,-0.06344634,17219077466
0.12210429,9.803059,-0.08259996,17239838425
-0.15203181,9.7479925,0.61530983,17258445341
0.20350714,9.837775,-0.94211835,17278121758
-0.16519992,9.667787,1.174356,17297933425
-0.4249708,9.69532,-0.6380547,17318276341
0.39863458,9.803059,-0.3866636,17337923966
0.1388637,9.882068,0.60094464,17357962508
-0.33877954,9.631873,-0.047884032,17378544716
0.24899697,9.898827,-0.39504328,17398065175
0.09816227,9.69532,0.1376666,17419491091
-0.11252748,9.718064,0.51954174,17438423258
-0.031124622,9.872491,0.22146365,17457526425
-0.005985504,9.7084875,0.2908955,17477637133
0.1376666,9.865308,-0.2873042,17497905050
-0.010773907,9.745598,-0.22385786,17517470550
0.22864626,9.902418,0.016759412,17537594800
-0.016759412,9.768343,0.4285621,17557784758
0.2837129,10.056845,-0.4345476,17577435675
-0.038307227,9.696517,0.18674773,17598002925
0.16879122,9.920375,-0.30526072,17617710342
0.17836803,9.872491,0.19393034,17637198633
-0.12689269,9.591172,0.49081135,17657326467
0.23104046,10.115502,-0.35553896,17677428883
-0.021547815,9.601946,0.18914193,17697130967
0.055066638,10.010158,0.061052144,17717148425
-0.16759412,9.5971575,0.2705448,17738069383
0.01316811,9.901221,-0.28491,17757763050
0.16759412,9.722853,0.31364042,17778675800
0.10055647,9.801862,-0.02633622,17797357383
-0.11731588,9.864111,-0.08619126,17816600008
-0.092176765,9.672575,0.50996494,17836814842
0.108936176,9.821015,-0.25258827,17857042967
0.15322891,9.842564,0.20949265,17876608842
-0.07062895,9.742006,0.049081136,17896624175
-0.21667525,9.781511,0.17357962,17917785383
0.06584055,9.765948,-0.22744916,17937336550
0.06943185,9.749189,0.044292733,17958060425
0.045489833,9.884461,0.3196259,17977047550
0.08379706,9.715671,-0.48123455,17996236050
0.02633622,9.868899,0.521936,18016308300
0.04189853,9.739613,0.1376666,18036604592
-0.12090719,9.749189,-0.010773907,18056187008
0.053869538,9.79827,-0.51355624,18076260342
0.05626374,9.719262,0.8643068,18096413758
0.25019407,10.001778,-0.38307226,18116247675
0.011971008,9.651027,0.074220255,18136827008
0.21667525,9.992201,-0.25498247,18156215592
0.094570965,9.739613,0.05267244,18175987467
0.23582886,9.968259,-0.2896984,18195954675
0.30645782,9.838972,0.2885013,18216170508
-0.24779987,9.7324295,0.23822308,18235785508
0.03232172,9.807847,-0.35075054,18255668134
0.1352724,9.774328,0.6967127,18276240425
-0.01316811,9.872491,0.21547815,18295708300
0.29807812,9.81503,-0.9648633,18316347009
0.2789245,10.012551,0.24899697,18335801800
-0.21547815,9.720459,0.33638534,18355495967
0.11252748,9.861717,0.021547815,18375661217
-0.2789245,9.657013,0.7134721,18395753384
-0.094570965,9.862914,-0.36391866,18415319467
0.22505496,9.739613,-0.37828386,18435369217
-0.019153614,9.884461,-0.25258827,18455762342
0.04309563,9.76116,0.2801216,18476542592
0.18555063,9.9790325,-0.035913024,18496755509
0.007182605,9.719262,0.4441244,18522250092
0.08619126,9.919178,0.18195933,18534891884
-0.06584055,9.765948,-0.6895301,18555002092
0.107739076,9.773131,0.5315128,18575451384
0.037110128,9.8916445,-0.37588966,18594863425
-0.016759412,9.694122,-0.044292733,18614893884
0.30047232,10.086772,0.6488287,18635212759
-0.11851298,9.313444,2.4013844,18655899675
-0.5662287,9.898827,-1.9656396,18675743925
0.32920274,9.8198185,0.5482722,18695103300
0.06943185,9.753978,0.4237737,18714566592
-0.10055647,9.93474,-0.33279404,18734677050
0.22984336,9.781511,-0.090979666,18754877800
0.3172317,9.958682,1.5729905,18774733050
-0.1316811,9.842564,-1.009156,18794789342
0.15203181,9.92636,0.25617957,18815829592
-0.21068975,9.704897,0.2657564,18834236425
-0.17357962,9.607931,-0.142455,18855013967
-0.09696517,9.816227,0.20111294,18874460884
-0.23942018,9.452309,0.47764325,18894042342
-0.025139118,9.892841,-0.2741361,18914344759
0.2753332,9.82341,0.4357447,18934640300
0.4429273,9.981427,-0.01316811,18954186259
0.1400608,9.859323,-0.30047232,18974245634
0.2801216,9.908403,-0.031124622,18994353009
0.20590134,9.830592,0.14724341,19014841967
0.11252748,9.929952,-0.533907,19035761217
0.2861071,9.783905,1.6639702,19054400509
0.22505496,9.976639,-1.1324574,19073630634
0.07062895,9.619903,0.760159,19093765384
0.17956513,9.941922,0.4177882,19114095467
-0.015562311,9.7958765,0.11731588,19133711926
-0.076614454,9.832987,-0.51595044,19153741092
0.007182605,9.7958765,0.08499416,19174823217
-0.2801216,9.850943,-0.50876784,19193606051
-0.06823475,9.648633,-0.2657564,19215050759
-0.01436521,9.838972,-0.4405331,19233928592
0.12928689,9.712079,0.6380547,19253404426
0.31364042,10.132261,-0.6847417,19273365092
-0.025139118,9.818622,-0.33518824,19293687467
0.016759412,9.588778,1.4281414,19313245176
-0.5351041,9.691729,0.18076223,19333374801
0.08259996,9.800665,-0.48243165,19354290551
0.04189853,9.582792,0.9864111,19374027634
0.32441434,10.109517,-0.439336,19394893634
-0.23463176,9.630676,0.1388637,19413542884
0.17477672,9.981427,-0.21068975,19433097509
-0.5686229,9.446322,0.58298814,19452965301
-0.034715924,9.807847,0.049081136,19473263884
-0.25258827,9.515755,1.5227122,19492706134
-0.12569559,9.718064,-0.33758244,19512732426
-0.08379706,9.739613,0.37469256,19532876301
0.2741361,9.834184,-0.15322891,19552442884
-0.19632454,9.605537,1.2138603,19573289801
0.074220255,9.908403,-0.50996494,19592834134
-0.10055647,9.55885,0.80205756,19612473426
-0.4285621,9.683349,-0.22625206,19632504801
-0.088585466,9.7563715,0.18674773,19652720218
-0.07182605,9.611523,0.142455,19672347343
-0.12210429,9.878476,0.47764325,19693276176
-0.22984336,9.528923,-0.008379706,19712903801
0.49200845,10.053253,-0.3890578,19732339009
0.22505496,9.981427,-0.21428105,19753742884
0.06344634,9.89763,-0.33758244,19772871051
0.25019407,9.923966,-0.35194764,19792122468
0.16998832,9.913192,-0.20709845,19812105634
0.25019407,9.88925,-0.19871874,19832338134
0.09816227,9.91439,0.47405192,19851952384
0.16160862,9.919178,-0.34237084,19872000176
-0.17238252,9.627085,0.14724341,19892277426
0.20709845,9.97185,0.039504327,19912632551
-0.04189853,9.704897,-0.11372458,19932649509
-0.05626374,9.829395,0.51475334,19952209426
0.034715924,9.774328,-0.2681506,19971747093
0.06584055,9.8437605,-0.79726917,19992900468
-0.10175357,9.7719345,0.51475334,20011872718
-0.05865794,9.725247,0.22146365,20031727843
-0.0035913025,9.81503,-0.2645593,20051417634
0.36032736,9.922769,0.17956513,20072413051
-0.05267244,9.745598,0.1448492,20091239759
0.092176765,9.846154,0.108936176,20111956259
-0.076614454,9.877279,-0.47524905,20131735884
0.077811554,9.740809,0.33877954,20151189968
-0.027533319,9.880871,0.5662287,20171320426
-0.038307227,9.807847,-0.15442601,20191468551
0.19033903,9.807847,-0.44891283,20211189968
0.035913024,9.80665,0.5482722,20231246843
-0.12928689,9.7240505,0.04189853,20252023384
0.15083471,9.976639,-0.45130703,20270934301
0.015562311,9.743204,1.1563994,20291786801
-0.06703765,9.817424,-0.6428431,20311237843
0.08738836,9.830592,0.1316811,20330666551
-0.0047884034,9.768343,0.45968673,20350801260
0.02873042,9.763555,-0.12449849,20371153010
0.16639702,9.927557,-0.075417355,20390590593
-0.05865794,9.692925,0.49440265,20410652260
-0.20470424,9.7719345,-0.021547815,20431035801
0.12808979,9.733627,0.2645593,20450607343
0.08140286,9.838972,-0.46327803,20472036510
0.12569559,9.866506,0.07062895,20490990510
0.075417355,9.841366,0.09935937,20510233676
-0.05267244,9.7479925,0.12689269,20530379135
-0.4405331,9.561244,1.4173675,20550580010
0.089782566,9.916783,-1.0785879,20570157801
0.14844051,9.683349,0.5781997,20590264968
0.20949265,10.132261,-0.62129533,20610458093
0.021547815,9.659407,0.49799395,20630866801
0.17477672,10.022128,-0.05865794,20651614301
-0.01436521,9.637859,-0.01436521,20670404926
0.130484,10.019734,-0.25258827,20689847135
-0.36032736,9.476251,1.198298,20709991801
0.16400282,9.951499,-0.16879122,20730151968
-0.39145198,9.5253315,0.24660277,20749757885
0.130484,9.946711,-0.34596214,20769993385
0.23223756,9.738416,0.79487497,20789980093
0.015562311,9.665392,0.33877954,20810365843
-0.16280572,9.791088,0.09816227,20830478468
-0.10534488,9.901221,0.035913024,20850154260
0.4165911,9.825804,0.2681506,20869411635
-0.29448682,9.7563715,-0.82480246,20889430010
0.055066638,9.901221,0.7182605,20909715343
0.44891283,9.933543,0.37708676,20929313843
0.29807812,9.578004,0.93014735,20949405385
-0.7038953,9.834184,0.009576807,20969754510
-0.15083471,9.856929,-0.6631939,20989089343
0.3878607,9.908403,-0.48123455,21010002635
0.80564886,9.827001,0.35913026,21029760926
-0.33159694,9.588778,1.3215994,21048941593
-0.6847417,10.064027,-1.7657237,21069028927
0.0023942017,9.488221,0.15801731,21089287302
0.8463503,10.141838,-0.049081136,21108969677
-0.09935937,9.355343,1.9752164,21128933760
-1.0630256,10.103531,-1.7513585,21149272010
0.044292733,9.637859,0.07182605,21168740760
1.3862427,10.0029745,0.40581718,21189338468
0.16879122,9.7803135,1.2689269,21208852260
-1.4796166,9.77792,-1.8507179,21228422552
-0.18435353,9.718064,-0.6392518,21248534927
1.6675615,10.04607,0.58298814,21268840010
0.6775591,9.779117,1.5394717,21288448010
-1.6915035,9.858126,-1.1384429,21309262927
-0.4237737,9.682152,-0.37110126,21329576760
1.3694834,10.086772,-0.40102878,21349159468
1.1360487,9.679757,1.7741034,21370100802
-2.1332338,9.260772,1.1300632,21388491802
-0.7182605,10.212467,-2.1092918,21408360677
0.78170687,9.406818,0.56982,21428170635
1.7549498,10.077195,1.1552023,21448538427
-2.0937295,9.010578,1.5263035,21467985427
-0.93732995,10.479421,-2.468422,21488126843
0.40102878,9.15423,0.20829555,21509156635
2.0254946,10.34774,0.91219085,21528730760
-1.2401965,9.186552,1.2952632,21549454468
-1.4269443,10.398018,-2.717419,21568427552
0.11133038,9.271546,0.14724341,21587884385
2.1511903,10.140641,0.29328972,21607795427
-0.20111294,9.712079,0.9935937,21628022135
-2.2732944,9.576807,0.20590134,21647584968
-0.16400282,9.877279,-0.94810385,21667651010
1.9045875,9.962274,0.22864626,21688006385
0.81043726,9.782708,1.6160861,21708330302
-2.1547816,9.622296,0.19752164,21729032677
-0.50278234,9.986216,-1.8124107,21748067927
1.8375498,9.730036,0.35673606,21767551094
1.4772224,10.134656,1.7705121,21787361469
-2.778471,8.917204,1.2868834,21807593510
-0.011971008,10.070012,-1.34195,21832305927
1.0833763,9.202114,0.5542577,21847112177
1.6891093,10.084377,1.4784195,21867452135
-2.1811178,9.229648,1.447295,21887273469
-0.9768343,10.237606,-1.9357121,21907720135
1.0785879,9.515755,0.035913024,21927394010
1.4077905,10.029311,0.92655605,21946955010
-1.7764976,9.212888,1.352724,21967161010
-0.7457938,10.237606,-1.7669208,21987122385
0.7374141,9.455899,-0.24061728,22006787594
1.7717092,10.20289,0.80684596,22027659510
-1.9177556,9.108741,1.7298107,22047857219
-1.0007763,10.335769,-2.4025815,22067448719
0.8870517,9.42238,-0.037110128,22088230594
1.8471266,10.268731,0.91937345,22106779635
-1.5729905,9.221268,1.5885528,22126337719
-0.9684546,10.429143,-2.19668,22146414719
0.49320555,9.345766,-0.079008654,22166854635
1.9488802,10.224439,0.5482722,22186295802
-1.3563153,9.23683,1.2605472,22206258927
-1.22224,10.332177,-2.4827871,22227268969
0.47524905,9.380483,0.2801216,22246152219
1.9608512,10.298658,0.6979098,22266915760
-1.1575965,9.255983,1.7345991,22286393635
-1.2641385,10.274716,-1.9764135,22305950510
0.16879122,9.415198,-0.45370123,22326088427
2.0745757,10.135853,0.36152446,22346293010
-1.1599907,9.348161,1.3503298,22366018260
-1.2940661,10.170568,-1.7956513,22386028719
0.06584055,9.4774475,-0.50757074,22406173719
1.6531962,9.921572,0.8774749,22426315094
-0.91937345,9.363723,1.7298107,22447245677
-1.5346833,10.216059,-1.9907787,22466126094
-0.12689269,9.880871,-1.5921441,22485638927
2.291251,9.987412,0.50517654,22505720594
0.130484,9.652225,2.2661119,22525951927
-2.2720973,9.57561,-0.1436521,22545549511
-0.37110126,10.061633,-1.8602947,22565607927
2.5198972,9.81503,0.35793316,22585830594
0.61890113,9.8198185,2.2421699,22606215677
-2.7952304,9.43914,-0.40222588,22626875636
-0.46208093,10.043676,-2.2349873,22645615261
1.7166426,9.698911,-0.39145198,22665034969
1.4317327,9.964667,2.6898856,22685206136
-2.8694508,9.175778,0.077811554,22705441469
-0.59495914,10.401609,-2.1703439,22724939011
1.7058687,9.5971575,-0.39145198,22745070677
1.4760253,9.938332,2.3211784,22765422386
-2.291251,9.221268,0.79367787,22784782886
-0.9624691,10.236409,-2.4708161,22806924594
0.842759,9.384073,-0.21068975,22825047261
1.8231846,10.077195,1.5693992,22844665469
-2.0626047,9.0429,1.934515,22864630511
-1.1947067,10.461464,-2.7856536,22885014636
0.48243165,9.168595,1.0127473,22904605177
2.2158337,10.313024,0.8870517,22924676594
-1.021127,9.427169,1.5705963,22944796052
-1.6771383,10.09994,-1.6448165,22964656927
0.40222588,9.436746,-1.1049241,22985531844
2.4181437,10.29387,0.7170634,23004784136
-0.7386112,9.398438,1.532289,23024134927
-1.9141643,10.013748,-1.8543092,23044365511
0.34356794,9.613917,-0.7230489,23064635011
1.602918,10.086772,0.22026655,23084176427
0.16759412,9.683349,1.7034745,23104359844
-1.590947,9.555259,0.36870706,23125256011
-0.15682021,10.181343,-1.0833763,23144968886
1.2737153,9.601946,-0.30885202,23165644594
0.81761986,9.952697,1.2270284,23184233386
-1.7848774,9.4774475,0.010773907,23203983053
-0.866701,10.218452,-2.0961237,23223788886
0.7338228,9.672575,-0.22385786,23244139969
1.9524715,10.2974615,1.3144168,23263755053
-1.3060371,9.024943,1.3814543,23283786594
-1.0953473,10.527305,-1.8866309,23304183803
0.2645593,9.31943,0.06943185,23324421178
1.8339585,10.220847,0.4165911,23344496094
-0.23463176,9.712079,1.0666169,23364139678
-1.3395559,10.030508,-1.6927006,23383472303
0.16759412,9.676167,-0.08379706,23403348844
1.7741034,10.129868,0.36272156,23423794011
0.272939,9.713276,0.91817635,23443392511
-1.685518,9.752781,-0.22146365,23463387344
-0.24779987,9.903615,-1.234211,23483726761
1.1240777,9.79827,0.4237737,23503241969
0.90620536,9.879673,0.8343793,23524093386
-1.5167267,9.40203,0.23702596,23543485803
-0.5662287,10.232818,-1.4341269,23563031219
0.29448682,9.321824,-0.16998832,23583187178
1.7202339,10.358514,0.94092125,23603530886
-0.9780314,9.210494,0.80564886,23622947803
-1.2569559,10.301053,-0.7661445,23643005969
0.009576807,9.350554,0.20590134,23663885886
1.6484078,10.223241,0.2645593,23683601719
0.19033903,9.680955,0.9828198,23703649136
-1.5251064,9.564836,-0.21308395,23722919011
-0.29328972,10.151415,-0.8283938,23742582053
0.427365,9.361329,0.6464345,23762842469
1.3455414,10.178948,0.60812724,23783107011
-1.246182,9.144653,1.4676456,23802529386
-1.0295067,10.344149,-1.9273324,23822860678
0.089782566,9.457097,-0.7026982,23842793594
1.6220716,10.2735195,0.34715924,23863121511
0.38187516,9.621099,1.3706805,23883755845
-1.5298948,9.793482,-0.020350715,23902873136
-0.33758244,9.920375,-0.8355764,23921894595
1.186327,9.726444,0.50996494,23942172678
1.0726024,9.909601,1.6472107,23962636136
-2.146402,9.166202,0.9636662,23982175886
-0.33758244,10.392033,-2.0518308,24002243053
0.62009823,9.343372,-0.079008654,24022561095
1.9907787,10.480618,0.6775591,24042087095
-1.3575124,9.082404,1.3024458,24063515678
-1.8112136,10.022128,-0.7589619,24082513928
0.034715924,9.725247,0.11731588,24101743553
1.9536686,10.010158,-0.08140286,24121857636
0.21428105,9.707291,1.1623849,24142082053
-1.9213469,9.635465,0.2908955,24161819886
-0.39384618,9.879673,-1.1312603,24187781303
1.6879122,9.923966,0.4225766,24201708136
1.0606314,9.835381,1.4975731,24221287470
-2.4875755,9.08001,0.40462008,24241984720
-0.78290397,10.338163,-1.7992426,24261560928
0.8882488,9.284714,0.81522566,24281263970
1.8974048,10.411186,0.50996494,24301248761
-1.423353,9.078813,1.8231846,24321580595
-1.7046716,10.101137,-2.0159178,24341168345
0.36032736,9.5971575,-0.5530606,24361300261
2.2170308,9.939528,0.9696517,24382186803
-0.557849,9.5732155,0.9828198,24401764345
-1.6567876,10.120291,-1.6998832,24421775761
-0.007182605,9.601946,-0.5662287,24441552053
1.7274165,10.228029,0.094570965,24460865303
0.49679685,9.555259,2.2218192,24480921720
-2.5246856,9.28232,0.16998832,24501138761
-0.4225766,10.360908,-1.3994108,24520742428
1.103727,9.339781,0.15083471,24540761511
1.3455414,10.139444,0.9876082,24561112595
-1.5155296,9.415198,0.01316811,24581496387
-0.8726865,10.253169,-2.2637177,24601956220
1.198298,9.749189,0.79846627,24620823303
1.8507179,9.913192,1.0223241,24640354678
-2.0242975,9.216479,1.6280571,24660520303
-1.2330139,10.404003,-2.3439236,24680707637
0.78290397,9.313444,0.44532153,24700265345
1.8567034,10.212467,1.4377182,24720380595
-1.7058687,8.857349,0.51714754,24741576137
-1.1432313,10.778696,-2.2493525,24760585595
0.37708676,9.226056,0.6607997,24781805845
2.4037786,10.15381,0.46686932,24800465428
-1.0103531,9.437943,1.7405846,24819881470
-2.420538,9.392453,-0.5482722,24839946595
0.31124622,9.698911,-0.58538234,24860377345
1.9033904,9.921572,-0.0023942017,24879896303
0.8343793,9.715671,1.8770541,24899770012
-2.3235726,9.455899,-0.053869538,24920076095
-0.6715736,10.204087,-1.5993267,24939736053
1.043872,9.54209,0.12689269,24960671928
1.4544775,9.878476,1.6903064,24980114345
-2.0374656,9.258378,0.29688102,24999500845
-1.2940661,10.210073,-2.6491842,25019550095
1.541866,9.618706,0.19033903,25039802303
1.9907787,10.207679,1.5370775,25059512512
-1.9883845,9.081207,1.4736311,25079489720
-1.3335704,10.444705,-3.1052797,25099891887
0.25378537,9.112331,1.4077905,25120130303
2.2816741,10.163386,1.4903905,25140854303
-1.0115502,9.448717,1.3156139,25159897762
-1.7705121,10.456676,-2.2014685,25179148220
0.7793127,9.465476,0.088585466,25199223095
2.9759927,10.534488,0.022744916,25219419137
-0.15083471,9.592369,1.5598224,25238972595
-2.3546975,10.08318,-2.3546975,25259074095
-0.16639702,9.593566,0.046686932,25279302304
2.6743233,10.206482,-0.21787235,25299561220
0.47524905,9.755175,2.6060886,25319660929
-2.8909986,9.326612,-0.641646,25339089845
-0.1316811,10.314221,-1.3132197,25358865679
1.2018893,9.448717,-0.45729253,25378739762
1.3455414,10.035296,2.1332338,25399000720
-2.1392193,9.209297,0.7338228,25418659220
-0.8463503,10.372879,-2.2242134,25438720470
0.62249243,9.346964,0.2873042,25458883845
2.0745757,10.077195,1.5646108,25479338470
-1.5155296,9.357738,0.8439561,25499995512
-1.7178397,10.123882,-1.4640543,25518667470
0.25977087,9.332599,-0.28491,25538294512
2.5067291,10.284293,1.1994951,25558505387
-1.1552023,9.091981,1.3347675,25578573137
-1.6903064,10.34774,-3.2465374,25598159220
0.4141969,9.540894,-0.16280572,25618351929
1.2521675,10.125079,-0.34596214,25639260929
1.4089876,10.067618,2.6683378,25658845637
-2.030283,9.385271,-0.2705448,25679585595
-0.63206923,10.13705,-1.0941502,25698515762
0.415394,9.228451,-0.11372458,25718092595
1.982399,10.158598,0.9516952,25737733054
-1.6783354,9.208099,1.3431472,25758268262
-1.2174516,10.213664,-2.6312277,25777701262
0.5506664,9.436746,0.61650693,25797757554
1.5286977,10.44231,0.5686229,25818676054
0.12330139,9.425972,2.1691468,25837730720
-1.5813702,9.951499,-0.34715924,25859133512
-0.28491,9.759963,-0.7553706,25877699720
1.79206,9.785102,0.08259996,25897452762
0.6823475,9.995792,0.94451255,25917387512
-2.1440077,9.827001,-2.4552538,25937726054
0.035913024,9.696517,-0.49679685,25957395762
0.5793968,9.908403,0.7074866,25977372929
1.0127473,9.739613,2.2469583,25997472596
-1.9728222,9.08001,0.6500258,26017821471
-0.80205756,10.593145,-1.22224,26037864346
0.30166942,9.033323,0.2717419,26057471346
1.9548657,10.275913,0.51235914,26076991637
-1.448492,9.3026705,0.4357447,26097063054
-1.2856863,10.183737,-2.802413,26117261554
0.47524905,9.405622,0.62847793,26136865262
1.9572599,10.551247,1.4089876,26157003929
-0.31603462,9.2787285,1.8375498,26177857304
-1.6531962,10.348937,-1.0103531,26196733221
0.18195933,9.702502,0.16280572,26218286054
1.9991584,9.8437605,-0.32441434,26237092554
0.31364042,10.03769,1.1791444,26256477054
-1.946486,9.500193,-1.4532804,26276684679
0.03232172,10.005369,-1.0163386,26296916346
1.614889,10.055647,0.5542577,26316382179
0.91219085,9.7719345,2.2038627,26336491471
-2.7246015,9.096769,0.130484,26357670054
-0.1412579,10.605117,-1.6496049,26376408346
-0.045489833,8.890868,0.12090719,26397854096
1.9548657,10.548853,1.5717934,26416656512
-1.055843,9.077616,0.5291186,26436035554
-1.1324574,10.439917,-1.8555063,26456186637
0.031124622,9.460688,-0.18914193,26476438471
1.1731589,9.93474,-0.33997664,26495983554
0.9504981,9.801862,2.4995465,26515927887
-1.9129672,9.354146,0.05865794,26537142096
-0.33997664,10.313024,-1.2677298,26556836429
0.22505496,9.325416,-0.39264908,26576730387
1.4652514,10.20289,1.6663644,26596061012
-1.1312603,9.109938,0.82599956,26616383804
-0.92535895,10.545261,-2.2050598,26635668179
-0.025139118,9.24521,0.09696517,26656047971
1.5011644,10.371682,0.2681506,26675403763
0.20231004,9.412804,2.0254946,26695505804
-1.9560628,9.665392,-0.59974754,26715676763
-0.16879122,10.077195,-1.3072342,26735320971
0.21068975,9.382876,-0.35913026,26756547471
1.352724,10.255563,1.6496049,26775529846
-1.2425907,9.051279,0.5590461,26795237888
-0.80445176,10.553641,-1.9285295,26815399929
-0.009576807,9.24521,0.092176765,26835498763
1.5095441,10.371682,0.25617957,26855175638
0.44651863,9.643845,1.6543933,26875413429
-1.5107412,9.854534,-0.7254431,26895715679
-0.10295067,9.82341,0.320823,26914881013
0.581791,9.738416,-1.0390835,26935767346
1.1013328,10.030508,2.2230163,26955467763
-1.0378864,9.300277,-0.25139117,26974838054
-0.760159,10.404003,-1.6543933,26994913429
-0.10414778,9.345766,-0.17956513,27015092971
1.8255788,10.323798,0.8523358,27034671096
-0.20590134,9.385271,1.186327,27054746763
-1.6065093,10.036493,-0.4357447,27075207346
-0.3854665,9.502586,-0.2657564,27094825888
0.6847417,9.962274,-0.16160862,27115529596
1.1348516,9.752781,1.8818425,27134771554
-1.3754689,9.388862,-0.29448682,27154460971
-0.3866636,10.5285015,-1.8231846,27174310554
0.108936176,9.25359,-0.22744916,27194675388
0.5542577,10.278308,0.6979098,27214196763
-0.09696517,9.459491,0.075417355,27234328388
0.110133275,10.00896,-0.04309563,27254563388
-0.16998832,9.810242,0.38307226,27274179054
0.11133038,9.8042555,0.18076223,27294797513
-1.365892,9.469068,-2.2002714,27314354721
-0.58418524,10.143036,-0.7553706,27333969888
-0.090979666,9.598354,0.6488287,27354154346
1.4927847,9.961076,0.6332663,27374272305
0.08259996,9.847352,1.3012487,27393831388
-1.5071499,9.633071,-0.40462008,27413879471
-0.36870706,9.982624,-0.8870517,27434069888
0.39504328,9.768343,0.062249243,27453724638
1.9333179,10.0987425,-0.1352724,27474663805
-0.16759412,9.736021,0.58657944,27493865805
-1.70946,9.919178,-1.6986861,27513648388
0.20590134,9.750386,1.0594343,27533602805
0.6332663,9.908403,0.05865794,27553981555
1.0666169,9.545682,1.3371617,27573426888
-1.2545617,9.810242,0.15801731,27593594221
-1.0642227,9.858126,-1.2665327,27614246930
0.12330139,9.624691,-0.3854665,27633416721
1.62686,10.243592,0.25617957,27654148221
0.22505496,9.543288,1.3156139,27673660096
-1.5729905,9.970653,-1.0941502,27693031221
-0.05865794,9.81503,0.7098808,27713111013
0.07062895,9.653421,-0.3196259,27733389221
1.5813702,10.012551,1.2940661,27753393596
-0.7505822,9.515755,0.6787562,27772939430
-1.400608,10.007763,-1.1192893,27793270221
0.16998832,9.589975,-0.59735334,27812850888
1.4951789,10.245986,0.35553896,27833604763
0.5494693,9.66659,1.377863,27853208971
-1.5634137,9.730036,-0.7038953,27872727430
-0.40940848,10.0029745,-1.3670892,27892774138
0.06943185,9.469068,0.557849,27912967305
1.8770541,10.380061,1.0462662,27932553680
-0.5566519,9.218874,1.2844892,27952934971
-1.34195,10.34774,-1.6663644,27973716346
-0.047884032,9.350554,-0.17238252,27993312930
1.0151415,10.314221,-0.40821138,28014012346
0.5758055,9.518148,1.3742718,28032986138
-1.0319009,9.946711,0.08140286,28052274097
-0.7553706,9.991004,-0.7374141,28072230305
0.16639702,9.713276,-0.37588966,28092532180
1.3491327,10.187328,1.1013328,28112378722
-0.5410896,9.360131,0.60214174,28132085805
-0.9840169,10.0987425,-1.4137762,28153215430
-0.1604115,9.528923,0.16759412,28172658430
0.7529764,10.032902,0.1352724,28192708055
0.47046062,9.764751,1.1336545,28212489805
-1.0283096,9.67856,0.15322891,28231893430
-0.1388637,9.973047,-0.78649527,28251905513
-0.12928689,9.627085,-0.59136784,28272092388
0.8295909,9.962274,0.8523358,28291710388
-0.40940848,9.655815,0.45130703,28311739097
-0.51475334,9.93474,-0.23463176,28332167555
-0.15083471,9.623494,0.48362875,28352531430
0.62847793,9.908403,0.91578215,28373117347
-0.1388637,9.655815,0.50757074,28392178597
-0.90021986,9.858126,-1.0378864,28411401347
-0.075417355,9.665392,-0.7398083,28431417305
1.0187328,9.976639,1.0534488,28451772388
-0.24061728,9.636662,1.234211,28471402513
-0.7733272,10.0664215,-1.6891093,28491453888
-0.08738836,9.682152,-0.12928689,28512393013
1.1599907,10.068815,0.8391677,28531470638
-0.2789245,9.390059,2.2541409,28552826138
-1.1528081,10.0903635,-2.4396915,28571447388
-0.04070143,9.478644,0.7697359,28590926972
0.7134721,10.226832,-0.34237084,28611417097
0.06823475,9.471462,1.5993267,28631241430
-0.39384618,10.26514,-1.0127473,28650827930
-0.59495914,9.601946,-0.2741361,28670899763
1.2892777,10.059238,0.32202014,28691942722
-0.30526072,9.391256,1.2725182,28711538638
-1.0690111,10.141838,-3.028665,28731606347
-0.130484,9.40203,-0.04309563,28751079389
0.80205756,10.298658,0.4297592,28770408472
-0.21906945,9.370906,1.8124107,28790455764
-0.93134445,9.868899,-0.4189853,28810890889
0.2645593,9.782708,0.22385786,28830514764
0.89423436,9.718064,-0.2908955,28850474847
-0.724246,9.618706,0.94690675,28871524514
-1.174356,9.697714,-1.8734628,28891123972
0.06943185,9.652225,-0.33399114,28911842305
0.28491,9.998186,0.58298814,28930739972
0.30526072,9.509769,2.540248,28950234639
-1.1492168,9.7803135,-0.7086837,28970229389
0.075417355,9.950302,0.12090719,28990295430
0.34835634,9.635465,0.09935937,29009962555
-0.039504327,9.813833,0.92057055,29029924097
-0.30047232,9.967062,-1.1540052,29050279680
0.037110128,9.704897,0.1340753,29070655930
0.6799533,10.06283,0.16160862,29091392055
0.019153614,9.531317,1.0881647,29110145680
-1.0534488,9.884461,-1.0845734,29129962639
-0.062249243,9.750386,0.1436521,29149940430
0.8822633,9.907207,0.4405331,29170046180
0.095768064,9.737218,0.7505822,29189381430
-0.91578215,9.919178,-1.2066777,29209628805
-0.19512744,9.7240505,-0.61291564,29229979680
0.89064306,9.951499,0.6811504,29250160389
0.094570965,9.569624,1.8219875,29270949764
-1.1659763,9.880871,-1.9656396,29289640514
-0.12808979,9.844957,0.19153613,29309248555
0.5231331,9.888053,0.15083471,29329321514
0.44771573,9.639056,1.7609353,29349694847
-1.1420342,9.733627,-0.4141969,29369185889
-0.24779987,9.976639,-1.0510546,29390926347
0.19991584,9.625888,0.2741361,29409381555
0.7721301,10.104729,0.6751649,29429751347
-0.32441434,9.348161,1.5227122,29449758972
-0.85473,10.208876,-0.92895025,29469236347
-0.25378537,9.487024,0.16519992,29488890389
0.6799533,10.07121,0.12210429,29508783972
-0.074220255,9.397242,2.0171149,29529109264
-1.0402806,9.952697,-0.9696517,29548886056
-0.10414778,9.701305,0.18315643,29568732972
0.46686932,9.908403,-0.06464344,29589805847
0.33758244,9.836577,1.1324574,29608560222
-0.32441434,9.82341,-0.7793127,29630079806
-0.24540567,9.830592,-0.22505496,29649074222
-0.06943185,9.682152,-0.33279404,29668227514
0.94211835,10.09156,0.5734113,29688447347
-0.10414778,9.528923,1.1563994,29708658472
-0.7565677,10.065224,-1.0295067,29728293556
-0.17597382,9.54209,-0.31124622,29748528597
0.22505496,9.901221,0.077811554,29769256389
0.7386112,9.999383,1.4688427,29788195931
-0.47165772,9.515755,0.4321534,29808824639
-0.19752164,10.277111,-0.7086837,29828589556
0.047884032,9.39365,0.14604631,29847894306
0.47285482,10.21965,0.23702596,29867959889
-0.051475335,9.4535055,0.7517793,29888281847
-0.34835634,10.085575,-0.46208093,29907867681
-0.044292733,9.653421,-0.5554548,29927939972
0.1364695,9.879673,0.3866636,29948105139
0.04070143,9.800665,0.60214174,29967828264
-0.4249708,9.782708,-1.0881647,29989265056
-0.025139118,9.8677025,-0.21428105,30008080181
0.20470424,9.821015,-0.0035913025,30027498722
0.20829555,9.770737,1.0414777,30047592264
-0.4321534,9.80665,-0.61650693,30067793681
-0.23463176,9.846154,0.04070143,30087366181
0.34237084,9.767146,0.58897364,30107415931
0.24420857,9.880871,1.0546459,30128345264
-0.60453594,9.642648,0.25857377,30147331223
-0.33279404,9.913192,-0.6607997,30167991139
0.2693477,9.710882,0.7098808,30187368764
0.09696517,9.824607,0.51116204,30206994389
-0.39624038,9.764751,-0.61650693,30227049681
-0.12689269,9.878476,-0.20949265,30247288806
0.19752164,9.799467,-0.021547815,30266983139
0.16160862,9.8677025,0.33279404,30287025348
-0.24301147,9.78989,-0.30286652,30307066014
-0.16998832,9.830592,0.077811554,30326750306
0.22266077,9.855731,0.33159694,30347664098
0.09816227,9.691729,0.5770026,30366974931
-0.44891283,9.697714,1.1073183,30386484764
-0.18435353,9.931149,-1.5011644,30406661306
-0.076614454,9.598354,-0.31603462,30426992431
0.050278235,10.006566,0.5446809,30446503389
-0.12449849,9.67856,0.5686229,30466602139
0.12090719,9.853337,1.0031705,30486876806
-0.1412579,9.685743,0.61291564,30506459348
-0.23822308,9.859323,-0.90859956,30527162223
-0.40581718,9.762358,-0.581791,30546764556
0.4297592,9.837775,0.36750996,30566200473
0.107739076,9.855731,0.7158663,30586339223
-0.3854665,9.800665,-0.32920274,30606574223
-0.12330139,9.757569,0.79966336,30626176348
0.089782566,9.832987,0.25019407,30646888806
0.12449849,9.752781,0.6476316,30666617264
-0.39743748,9.825804,-0.49679685,30685985764
-0.2825158,9.696517,-0.79846627,30706943389
0.30526072,9.962274,0.25857377,30726113973
0.18435353,9.615114,1.2605472,30745869931
-0.6739678,9.7719345,-0.260968,30765889014
-0.40342298,9.85214,-0.6703765,30786047514
0.06584055,9.66659,-0.24301147,30805634014
0.5327099,10.065224,1.0043676,30825696139
0.15682021,9.611523,0.39743748,30846025265
-0.7781156,9.884461,-0.35075054,30865844681
-0.30166942,9.7240505,-0.7745243,30886267390
0.7793127,9.903615,0.23343466,30905876848
-0.053869538,9.581595,1.8794483,30925241181
-0.7086837,9.903615,-1.8914193,30945607973
-0.22625206,9.67856,-0.17717093,30965632515
0.09935937,9.977836,0.48243165,30985194765
-0.48602295,9.569624,1.4975731,31005255681
0.38307226,9.8437605,0.6368576,31026307098
0.61530983,9.770737,0.16160862,31045213431
-1.2114661,9.842564,-1.3347675,31066066640
0.029927522,9.67018,-0.16759412,31085368973
0.011971008,9.959879,-0.11731588,31105031848
0.11731588,9.810242,0.415394,31125069806
0.044292733,9.859323,0.47405192,31145330931
0.24779987,9.752781,1.1528081,31164773515
-0.08738836,9.765948,0.11252748,31185000723
-0.18076223,9.894038,-0.4225766,31206078723
-0.18914193,9.65821,-0.046686932,31226332098
0.06943185,9.835381,-0.60214174,31246277306
0.24420857,9.580399,0.34596214,31264947473
0.7350199,10.006566,-0.7230489,31284809140
-1.1180922,9.882068,-2.2661119,31304420515
-0.6500258,9.585187,0.22864626,31324721348
0.2896984,9.840169,3.369839,31344481723
-0.45130703,9.346964,0.6440403,31364422181
0.0,10.266336,-0.023942016,31384693890
0.19393034,9.461885,0.92535895,31404250390
-0.31483752,9.925163,-1.9500773,31426142806
0.14963761,9.709685,-0.5722142,31444871348
0.2825158,9.909601,0.046686932,31464185348
0.046686932,10.081984,0.19991584,31483975806
0.06943185,9.690532,0.51714754,31504354890
0.61171854,10.192117,1.79206,31523932890
-0.06584055,9.720459,-0.25498247,31544364015
0.07062895,9.932345,0.6619968,31565168473
0.15801731,9.88925,-0.80205756,31584090140
0.11252748,9.935937,-0.81402856,31605938973
-0.2813187,9.652225,0.049081136,31624163348
-0.037110128,9.913192,0.89662856,31643679682
0.20470424,9.947908,-0.30526072,31663718223
0.18794483,9.856929,0.6619968,31683925515
-0.06943185,9.7863,0.23104046,31703586307
-0.17956513,9.817424,0.17597382,31723963140
0.21188685,9.913192,-0.20350714,31744657598
-0.14963761,9.667787,0.055066638,31763523640
0.1592144,9.991004,0.38187516,31784250098
-0.2908955,9.569624,0.30765492,31803773348
-0.037110128,9.935937,0.05865794,31823255640
0.075417355,9.76954,0.25258827,31843098182
-0.10295067,9.838972,-0.22625206,31863411432
0.17118542,9.888053,0.89423436,31883217515
-0.1388637,9.758766,-0.7637503,31903040473
0.076614454,9.876082,0.59735334,31923233765
0.031124622,9.787497,-0.59136784,31942914848
-0.11372458,9.781511,0.36870706,31963660515
0.07062895,9.810242,-0.14963761,31983110807
-0.22864626,9.653421,0.12449849,32002797765
-0.1412579,9.797073,0.48482585,32022836432
0.075417355,9.866506,-0.077811554,32043058723
-0.021547815,9.725247,0.15682021,32062816182
-0.06703765,9.841366,-0.033518825,32082873140
-0.073023155,9.753978,0.48722005,32103152015
0.2825158,10.031705,0.06703765,32122727598
0.05626374,9.746795,-0.521936,32143594057
-0.047884032,9.885659,0.50517654,32163143182
0.038307227,9.734824,-0.24660277,32182391598
0.23822308,9.938332,-0.35314476,32202348182
0.038307227,9.82341,0.1364695,32222636223
0.11851298,9.821015,-0.05267244,32242474057
0.32202014,10.0029745,-0.088585466,32262273765
0.2873042,9.878476,-0.11492168,32282497182
0.20949265,9.998186,0.45609543,32302131307
0.16280572,9.880871,-0.16639702,32322994349
0.30047232,9.940725,-0.11133038,32342596974
0.092176765,9.907207,0.15442601,32361934474
0.08020575,9.841366,-0.3196259,32381994099
0.093373865,9.854534,0.37229836,32402215182
0.08259996,9.78989,-0.2633622,32421789015
0.2896984,9.9550905,0.29568392,32441895140
0.020350715,9.810242,0.1400608,32462073265
0.04070143,9.890448,0.011971008,32481660682
-0.29209262,9.676167,0.4333505,32502456140
0.094570965,9.800665,-0.2633622,32521915765
-0.1436521,9.77792,0.16519992,32541654557
-0.12330139,9.799467,0.20470424,32561596765
0.06703765,9.895236,0.4417302,32581743015
-0.20709845,9.673772,0.046686932,32601430515
-0.12689269,9.879673,0.60573304,32621407057
0.05626374,9.840169,-0.5710171,32641807890
-0.10534488,9.737218,0.15562311,32661371765
0.110133275,9.900024,0.04309563,32682122182
-0.06943185,9.7719345,0.022744916,32701572057
-0.01436521,9.911995,0.10534488,32721314099
0.06703765,9.752781,-0.079008654,32741096640
-0.02633622,9.913192,0.50278234,32761367307
0.015562311,9.781511,0.16879122,32780942807
-0.017956512,9.764751,0.06464344,32801000265
-0.046686932,9.736021,0.17956513,32821235807
-0.0023942017,9.842564,-0.2777274,32840949557
-0.015562311,9.7863,0.2705448,32861708974
0.09935937,9.876082,0.073023155,32881305057
-0.21188685,9.726444,0.29568392,32900578932
0.027533319,9.85214,0.039504327,32920694557
-0.093373865,9.781511,0.23582886,32940979016
0.0023942017,9.832987,0.1412579,32960438016
-0.06464344,9.8198185,-0.130484,32980607349
-0.04309563,9.783905,-0.07182605,33000788766
-0.08020575,9.822212,0.21667525,33020379724
-0.038307227,9.785102,0.34835634,33041066807
0.03232172,9.822212,-0.04309563,33060586307
-0.05267244,9.788693,0.5793968,33080129099
0.14724341,9.847352,-0.6751649,33100246057
-0.130484,9.763555,0.4189853,33120480474
-0.14604631,9.811439,-0.1340753,33140196557
0.0,9.749189,0.62249243,33160177099
-0.1316811,9.878476,-0.1400608,33181212557
-0.037110128,9.696517,0.641646,33200797307
0.01436521,9.944317,-0.60333884,33221492474
-0.074220255,9.697714,0.45370123,33247249224
0.04189853,9.933543,0.17118542,33259805932
-0.059855044,9.674969,0.19752164,33279745807
-0.14604631,9.835381,-0.12090719,33300052057
0.035913024,9.7563715,0.2693477,33319642182
0.04189853,9.933543,0.4381389,33339827016
-0.09935937,9.692925,-0.34356794,33359898266
0.033518825,9.892841,0.9911995,33380333641
-0.10654198,9.768343,-0.9540894,33401134432
-0.090979666,9.745598,0.24301147,33419678391
-0.12928689,9.886856,0.19033903,33439414891
-0.050278235,9.703699,0.1376666,33459403141
0.022744916,9.995792,0.3842694,33479631349
-0.11731588,9.622296,0.2789245,33499202724
-0.031124622,9.947908,0.32920274,33519263724
-0.14844051,9.688137,-0.025139118,33540470224
0.1436521,9.861717,-0.33399114,33559669766
-0.18914193,9.791088,0.011971008,33580654474
-0.24660277,9.744401,-0.35553896,33599615432
0.019153614,9.800665,0.5231331,33618967349
-0.31483752,9.763555,0.2681506,33638900266
0.11372458,9.850943,0.17836803,33659185391
-0.08499416,9.801862,0.2669535,33678783849
-0.2681506,9.726444,0.04070143,33698901308
0.092176765,9.838972,0.25378537,33719793599
-0.023942016,9.763555,-0.45489833,33739521933
0.089782566,9.864111,0.142455,33759389558
0.1328782,9.916783,0.15203181,33778872141
-0.074220255,9.77792,-0.24061728,33798390433
-0.22505496,9.703699,0.31364042,33818541224
-0.0011971008,9.734824,0.015562311,33838762141
-0.10055647,9.862914,-0.35434186,33858351224
0.019153614,9.76954,-0.0035913025,33878514933
-0.059855044,9.892841,-0.30166942,33898623516
-0.06344634,9.825804,0.51235914,33919063016
-0.11851298,9.7324295,-0.19393034,33939843516
0.093373865,9.892841,1.364695,33958552558
-0.22625206,9.750386,-0.5542577,33978121474
-0.005985504,9.744401,0.15562311,33998123599
-0.15682021,9.82341,0.38307226,34018346766
-0.21667525,9.651027,0.034715924,34037897474
0.30286652,10.092757,-0.36032736,34058024558
-0.2765303,9.581595,1.0295067,34078342891
-0.04070143,9.844957,-0.38067806,34098614016
-0.03232172,9.728839,0.35194764,34119479266
0.021547815,9.838972,-0.52073884,34138429599
-0.14604631,9.781511,0.12689269,34157542308
-0.1412579,9.785102,0.5494693,34177692141
0.02633622,9.749189,0.04189853,34197889641
-0.062249243,9.870096,0.2717419,34217485974
0.11971009,9.7719345,0.29807812,34237549183
-0.20949265,9.812635,-0.009576807,34257917891
-0.04189853,9.801862,0.092176765,34278202808
0.11372458,9.90601,0.039504327,34298920349
-0.12330139,9.704897,0.4165911,34317864808
0.088585466,9.946711,-0.28491,34337288225
-0.21787235,9.692925,0.19991584,34357085433
0.1316811,9.921572,0.2789245,34377473058
0.1604115,9.78989,-0.17597382,34397051266
-0.19033903,9.7719345,0.2645593,34417108225
0.044292733,9.80665,-0.44891283,34437213975
0.010773907,9.722853,0.29927522,34457815016
-0.09696517,9.859323,-0.0023942017,34478508641
-0.06943185,9.706094,-0.1436521,34497220933
-0.12090719,9.927557,0.51595044,34516785600
0.010773907,9.751583,-0.46806642,34536988641
-0.1340753,9.762358,-0.008379706,34557074266
-0.16998832,9.844957,0.35194764,34576633016
0.039504327,9.767146,0.076614454,34596716475
-0.093373865,9.78989,0.8319851,34617735058
0.031124622,9.830592,-0.011971008,34636543766
-0.027533319,9.76954,0.029927522,34658056433
-0.21188685,9.768343,-0.20709845,34676899475
-0.06823475,9.781511,0.17836803,34696255308
-0.033518825,9.8198185,-0.15322891,34716416183
-0.049081136,9.776723,0.33279404,34736759766
0.0035913025,9.832987,0.5255273,34756200016
-0.17357962,9.68694,-0.33997664,34776260850
-0.10055647,9.856929,0.8475474,34797335225
-0.06584055,9.78989,-0.088585466,34816944600
-0.005985504,9.718064,-0.25019407,34836951850
0.05865794,9.88925,0.5291186,34856242600
-0.015562311,9.8437605,-0.31364042,34875930766
-0.073023155,9.691729,0.34356794,34896015433
-0.04070143,9.928755,0.07062895,34916151391
0.027533319,9.776723,-0.08020575,34935921725
-0.027533319,9.837775,0.31364042,34955816641
-0.14724341,9.749189,0.039504327,34976174600
0.05267244,9.785102,-0.12449849,34996422975
-0.059855044,9.765948,-0.12569559,35016562058
-0.1316811,9.901221,0.63087213,35035922308
0.007182605,9.783905,0.11492168,35055498975
0.11133038,9.886856,-0.20829555,35075538225
0.04070143,9.793482,-0.04309563,35095762100
-0.17238252,9.801862,0.10414778,35115314683
-0.21547815,9.721656,0.50996494,35135522975
0.08140286,9.868899,0.3172317,35156485517
0.10295067,9.809045,0.12330139,35176395475
-0.18195933,9.800665,-0.0035913025,35196389808
0.008379706,9.831789,0.23343466,35215505725
-0.076614454,9.755175,0.17956513,35235048808
-0.06344634,9.787497,0.20829555,35255159683
0.12808979,9.935937,0.10175357,35275393267
-0.02873042,9.758766,0.142455,35294790892
0.08379706,9.956287,-0.59615624,35315113058
-0.1592144,9.643845,0.044292733,35336319350
0.06823475,9.976639,0.6440403,35356269058
0.09816227,9.803059,-0.50757074,35376398350
-0.25857377,9.762358,0.45370123,35394946225
0.074220255,9.822212,0.25019407,35414895600
0.09816227,9.880871,-0.2789245,35434608558
-0.061052144,9.841366,-0.007182605,35454810558
0.051475335,9.80665,0.01316811,35474332475
-0.055066638,9.788693,0.24181437,35494783058
0.062249243,9.858126,-0.22864626,35514634517
-0.1328782,9.800665,0.320823,35534490850
-0.1448492,9.736021,0.33758244,35556339642
0.007182605,9.848549,0.24301147,35574767058
0.11372458,9.78989,0.059855044,35594089100
0.0047884034,9.704897,-0.8499416,35614325350
-0.10175357,9.976639,0.29568392,35634664600
-0.023942016,9.661801,0.30166942,35654159642
0.061052144,9.864111,0.1388637,35674129267
-0.10414778,9.710882,0.5374983,35694812392
-0.009576807,9.840169,-0.5363012,35714760308
-0.19273324,9.757569,0.25498247,35736722975
0.035913024,9.733627,-0.24660277,35754428017
-0.18914193,9.856929,0.079008654,35773659309
-0.23104046,9.716867,0.79128367,35793765600
0.12689269,9.822212,-0.30765492,35814109517
0.020350715,9.850943,0.029927522,35833746642
0.092176765,9.81503,-0.16639702,35853854225
-0.08379706,9.842564,0.079008654,35873922100
-0.092176765,9.76116,-0.02873042,35894319642
-0.107739076,9.785102,0.35673606,35914247725
0.09816227,9.79827,0.2705448,35934033517
0.09696517,9.764751,-0.50397944,35953327642
-0.22146365,9.838972,0.7517793,35973389059
-0.0035913025,9.788693,0.25019407,35993605642
-0.18674773,9.709685,0.10534488,36013193642
-0.035913024,9.862914,0.50637364,36034039017
0.045489833,9.733627,0.16400282,36053413850
-0.033518825,9.871294,0.09935937,36073798725
-0.33518824,9.648633,0.5722142,36094495934
0.034715924,9.900024,-0.04309563,36113252767
-0.24899697,9.634268,0.20111294,36133260184
0.05746084,9.923966,0.15322891,36152937434
0.07062895,9.7479925,0.46926352,36173254142
-0.25737667,9.749189,-0.20829555,36192959017
0.11731588,9.923966,-0.10175357,36212978392
-0.0011971008,9.807847,0.14604631,36232899350
0.029927522,9.925163,-0.18076223,36252677725
0.075417355,9.682152,-0.41060558,36273315809
-0.23223756,9.870096,0.23343466,36292759850
0.12808979,9.840169,-0.017956512,36312574934
0.073023155,9.849746,-0.20350714,36332598059
-0.15083471,9.816227,0.320823,36352635559
0.04189853,9.776723,0.36391866,36372220642
-0.095768064,9.859323,-0.19752164,36392347225
0.061052144,9.828198,0.025139118,36412518642
0.21547815,9.950302,-0.092176765,36432126309
-0.22385786,9.643845,0.12928689,36452924267
-0.1376666,9.800665,0.39983168,36472427184
0.3184288,10.006566,-0.075417355,36491956892
0.05865794,9.762358,-0.36032736,36512077142
-0.18435353,9.868899,0.24779987,36532409726
0.1316811,9.805453,0.49440265,36551943809
0.23582886,10.104729,-1.2569559,36575051142
-0.01316811,9.661801,1.0714053,36592856767
0.08499416,9.921572,-0.10414778,36612442559
0.089782566,9.921572,-0.33877954,36632508476
-0.16160862,9.682152,0.5793968,36652089351
0.095768064,10.013748,-0.90859956,36671616892
-0.23582886,9.533711,1.1288661,36691492601
0.06584055,9.93474,-0.15442601,36711880059
-0.12330139,9.654618,0.2801216,36731645892
0.045489833,9.938332,0.019153614,36751618267
-0.22505496,9.671378,-0.2741361,36771764517
-0.15801731,9.737218,0.8571242,36791506767
0.10175357,9.959879,-0.2621651,36812914059
-0.046686932,9.755175,0.5554548,36831867517
0.23463176,10.022128,-0.46806642,36851197309
-0.20709845,9.68694,0.16879122,36871196559
-0.045489833,9.7719345,0.21428105,36891546892
0.023942016,9.785102,-0.062249243,36911199934
-0.03232172,9.8437605,-0.22146365,36931401559
-0.36631286,9.645041,0.61291564,36952154267
0.30286652,10.079589,-0.51475334,36971740517
-0.19752164,9.576807,-0.2801216,36991827517
-0.16280572,9.861717,0.33758244,37011320351
-0.14844051,9.7240505,0.7314286,37030782351
-0.20949265,9.7479925,0.33159694,37050815767
0.008379706,9.809045,0.2777274,37071029184
-0.06703765,9.787497,-0.12569559,37090669267
0.053869538,9.919178,-0.06703765,37111429684
-0.21188685,9.685743,-0.18555063,37131790143
0.04309563,9.864111,0.019153614,37150540976
-0.11252748,9.774328,0.20231004,37172090393
-0.15322891,9.755175,0.59256494,37190947809
0.049081136,9.894038,-0.4309563,37210269101
-0.16519992,9.692925,0.33997664,37230386393
0.034715924,9.937134,0.04070143,37250594476
-0.06344634,9.715671,0.16400282,37270171226
0.08738836,9.927557,-0.031124622,37290506976
0.017956512,9.725247,0.18674773,37311296976
-0.1376666,9.810242,-0.15442601,37331047559
0.04189853,9.868899,0.48243165,37351647559
-0.01436521,9.800665,-0.19991584,37370433059
-0.1340753,9.757569,0.320823,37389969976
0.06943185,9.812635,-0.1412579,37409811226
-0.24061728,9.764751,0.22505496,37430052768
0.108936176,9.97185,0.34596214,37449777559
-0.021547815,9.661801,0.1340753,37469843768
-0.04070143,9.988609,0.093373865,37490063684
0.0,9.694122,-0.044292733,37510462726
-0.21308395,9.854534,0.22146365,37530649268
-0.09935937,9.703699,0.31244332,37550102809
-0.12928689,9.810242,0.076614454,37569320309
0.010773907,9.8198185,0.39025488,37589523434
0.010773907,9.731233,-0.3196259,37609754518
0.033518825,9.876082,-0.02873042,37629304934
-0.008379706,9.817424,-0.076614454,37649465684
-0.092176765,9.799467,0.25019407,37670350351
-0.18076223,9.752781,0.51595044,37689222018
0.049081136,9.884461,0.36032736,37710758518
0.027533319,9.854534,-0.037110128,37729630101
-0.02633622,9.745598,0.015562311,37749067601
-0.12330139,9.830592,0.2873042,37769085434
-0.07062895,9.728839,-0.01316811,37789309184
0.11731588,9.94312,0.40821138,37808863309
-0.20829555,9.664195,0.33159694,37829018435
-0.046686932,9.870096,-0.079008654,37849181310
-0.08379706,9.765948,0.7685388,37869006393
0.059855044,9.908403,-0.4345476,37890158060
-0.12689269,9.66659,0.34476504,37908993601
0.1412579,9.968259,0.021547815,37928754310
-0.107739076,9.714474,0.10534488,37948617685
0.021547815,9.931149,0.439336,37968851226
-0.011971008,9.702502,-0.78410107,37988504476
-0.1340753,9.864111,0.39863458,38009377018
-0.053869538,9.745598,0.700304,38029576851
-0.12210429,9.775525,-0.32441434,38049207476
0.06344634,9.877279,0.18794483,38069876601
0.005985504,9.803059,-0.017956512,38088854560
-0.095768064,9.776723,-0.12449849,38108265810
-0.073023155,9.812635,0.31364042,38128359976
-0.049081136,9.840169,0.08738836,38148376101
0.035913024,9.838972,-0.039504327,38168024143
-0.11851298,9.79827,-0.019153614,38188128851
0.01316811,9.811439,0.21547815,38208308435
-0.07182605,9.779117,0.09935937,38228657810
-0.009576807,9.825804,0.24061728,38249388560
-0.09696517,9.762358,0.10534488,38268146893
-0.10654198,9.782708,0.11133038,38287841518
-0.021547815,9.868899,-0.38187516,38307849101
0.037110128,9.785102,-0.19393034,38328169393
-0.07182605,9.829395,0.36511576,38347639893
0.02873042,9.759963,0.29328972,38367652935
0.061052144,9.861717,-0.2765303,38387942726
-0.11492168,9.737218,0.18315643,38408295685
-0.05626374,9.831789,0.2765303,38429080851
-0.05626374,9.770737,0.1592144,38447984685
-0.049081136,9.883265,0.016759412,38467442143
0.009576807,9.76954,-0.16998832,38487188601
-0.07182605,9.866506,0.2717419,38507583018
-0.2681506,9.654618,0.36511576,38527342477
0.23343466,9.994595,0.04309563,38547216268
-0.011971008,9.765948,0.25378537,38567390685
0.1340753,9.89763,-0.24899697,38587789685
-0.18794483,9.689334,0.061052144,38607719643
0.089782566,9.946711,0.17477672,38627402310
-0.08259996,9.688137,-0.07062895,38647015227
-0.04070143,9.898827,0.22026655,38666924143
-0.029927522,9.744401,0.2885013,38687145352
0.005985504,9.830592,-0.08020575,38706735768
-0.015562311,9.838972,0.10534488,38726940810
0.01436521,9.811439,-0.044292733,38747877977
-0.22864626,9.759963,0.19871874,38767465685
0.10654198,9.933543,0.0023942017,38787476643
-0.017956512,9.725247,0.16759412,38806959060
-0.34596214,9.651027,0.01436521,38826541977
0.11971009,9.907207,0.40940848,38846502768
-0.005985504,9.764751,0.16879122,38866751018
-0.076614454,9.801862,0.05267244,38886174685
-0.19632454,9.721656,0.19512744,38906313268
0.40342298,9.994595,-0.736217,38926893893
-0.21906945,9.728839,0.47405192,38946669643
-0.011971008,9.861717,0.521936,38966901852
0.094570965,9.759963,-0.272939,38986514018
0.04070143,9.877279,-0.07182605,39005924018
-0.010773907,9.856929,0.17238252,39025895810
-0.3184288,9.716867,0.053869538,39046291518
0.021547815,9.775525,-0.047884032,39065872352
-0.41299978,9.653421,0.23702596,39085915060
0.044292733,9.776723,0.5291186,39107005352
0.09696517,9.879673,-0.061052144,39125911602
-0.050278235,9.745598,0.10534488,39146637768
0.1340753,9.844957,-0.34715924,39165905935
-0.092176765,9.821015,0.062249243,39185641477
-0.10654198,9.743204,0.6560113,39205606310
0.17597382,9.884461,-0.92655605,39225862644
-0.090979666,9.667787,0.7218518,39245466519
0.047884032,9.860519,0.045489833,39265504810
0.016759412,9.807847,0.045489833,39285757185
-0.28491,9.715671,0.842759,39306162310
-0.08379706,9.877279,-0.019153614,39326185519
-0.074220255,9.730036,0.21188685,39345466269
0.1340753,9.940725,-0.62608373,39365160019
0.05746084,9.706094,-0.06344634,39385048602
-0.08619126,9.915586,0.076614454,39405431519
-0.093373865,9.676167,-0.09696517,39424934685
0.03232172,9.951499,0.36990416,39444964769
-0.12090719,9.667787,0.40701428,39466106102
-0.0011971008,9.908403,0.12210429,39484824144
-0.1436521,9.775525,0.5554548,39505923644
0.019153614,9.829395,-0.48123455,39525118602
0.02633622,9.877279,0.60333884,39544812977
-0.10534488,9.763555,0.11372458,39564839310
0.038307227,9.742006,0.47046062,39584924185
0.0023942017,9.7958765,1.1791444,39604662185
-0.16400282,9.816227,-0.12210429,39624964519
0.16280572,9.877279,0.15562311,39644863560
-0.05626374,9.781511,0.16759412,39665593644
-0.22505496,9.805453,-0.11731588,39685919685
0.035913024,9.764751,-0.029927522,39704920685
0.11133038,9.842564,0.108936176,39724489894
-0.18315643,9.773131,0.1388637,39744322269
-0.06943185,9.885659,-0.017956512,39764559685
0.19033903,9.822212,-0.20470424,39784202977
-0.005985504,9.837775,-0.088585466,39804314352
-0.25498247,9.813833,0.33877954,39824412977
0.1448492,9.813833,0.24061728,39844096894
0.089782566,9.8198185,-0.01316811,39865709894
-0.23702596,9.800665,-0.20709845,39884185394
-0.009576807,9.807847,-0.037110128,39903958394
0.1412579,9.821015,0.16879122,39923924727
-0.14604631,9.794679,0.2717419,39944284727
-0.17956513,9.818622,0.20111294,39963836269
0.06464344,9.801862,-0.01436521,39983793519
-0.035913024,9.805453,-0.077811554,40004157686
-0.15562311,9.77792,0.06584055,40023770977
0.029927522,9.828198,0.21787235,40044553561
0.074220255,9.801862,0.18674773,40064122602
-0.12330139,9.81503,0.06344634,40083458144
-0.10534488,9.792285,-0.04070143,40103321394
0.073023155,9.818622,0.01316811,40123826144
-0.051475335,9.78989,0.16280572,40143325311
-0.12210429,9.811439,0.19153613,40163339894
0.009576807,9.79827,0.10414778,40184417561
0.0047884034,9.816227,0.0035913025,40203110269
-0.107739076,9.807847,-0.009576807,40224663019
-0.034715924,9.832987,0.12808979,40243534227
0.02633622,9.818622,0.16280572,40263014352
-0.09935937,9.785102,0.10175357,40283069186
-0.07182605,9.816227,0.011971008,40303281311
-0.01436521,9.811439,0.02633622,40323021852
-0.03232172,9.805453,0.05626374,40343169852
-0.075417355,9.793482,0.1376666,40363999436
-0.022744916,9.834184,0.1400608,40383604894
-0.007182605,9.813833,0.044292733,40404403394
-0.06464344,9.813833,0.020350715,40422992852
-0.04070143,9.810242,0.037110128,40442435019
-0.016759412,9.813833,0.1412579,40462580436
-0.059855044,9.811439,0.16160862,40482841144
-0.053869538,9.803059,0.092176765,40502442019
-0.011971008,9.809045,0.045489833,40522651019
-0.046686932,9.7863,0.07062895,40542875769
-0.08259996,9.749189,0.18315643,40563136686
-0.32321724,10.108319,0.095768064,40583132602
0.23223756,9.566033,-0.45968673,40602732061
0.37948096,9.982624,0.010773907,40622121769
-0.48602295,9.788693,0.4345476,40642124978
-0.33638534,9.767146,0.94930094,40662406686
0.28491,9.633071,0.1388637,40682003478
-0.16160862,9.915586,-0.055066638,40702061936
-0.22744916,9.67856,-0.17956513,40723269728
0.09935937,9.970653,0.17597382,40742711853
0.20231004,9.736021,0.14604631,40763383894
0.18315643,9.69532,-0.30885202,40782399019
-0.23343466,9.742006,-0.30286652,40801641853
-0.676362,9.828198,0.37948096,40821735853
0.25139117,9.941922,0.676362,40841826769
0.49200845,9.8042555,0.06344634,40861563061
0.049081136,9.836577,-0.47165772,40881620853
-0.6655881,9.645041,0.19632454,40901825144
-0.22984336,9.775525,0.41180268,40922340269
0.21308395,9.910798,0.33159694,40942889853
-0.22146365,9.685743,0.3890578,40961640061
0.41180268,9.928755,0.07182605,40981143811
0.36272156,9.915586,-0.2765303,41001184686
-0.22026655,9.697714,-0.2789245,41021562144
-0.46447513,9.921572,-0.18794483,41041183936
-0.0047884034,9.710882,0.1364695,41061234228
0.15083471,9.785102,0.18435353,41082244228
0.5303157,9.853337,-0.029927522,41101198686
-0.10175357,9.805453,-0.14604631,41122818186
-0.2908955,9.846154,0.20470424,41141294103
0.1412579,9.749189,0.11252748,41160719603
-0.074220255,9.782708,-0.10654198,41180810311
-0.08379706,9.846154,-0.15682021,41201132311
-0.094570965,9.737218,-0.16639702,41220636894
-0.2633622,9.797073,-0.18195933,41240731644
-0.23223756,9.7863,-0.20111294,41261730311
0.2813187,9.80665,0.011971008,41281310603
-0.037110128,9.842564,0.35913026,41301327353
-0.11731588,9.929952,0.21188685,41321109186
-0.14604631,9.775525,-0.17238252,41340291978
-0.18914193,9.728839,0.021547815,41360483811
0.5805939,9.811439,0.10654198,41380707311
0.05746084,9.8198185,-0.19033903,41400238728
-0.65242,9.730036,-0.32321724,41420453020
-0.35793316,9.842564,-0.055066638,41440602728
-0.18674773,9.788693,0.19033903,41460990478
0.16519992,9.800665,-0.053869538,41481339145
0.30645782,9.885659,0.05626374,41500427270
-0.19153613,9.7479925,0.0035913025,41520021478
-0.12090719,9.846154,0.10654198,41540071395
-0.30047232,9.7719345,-0.32441434,41560273645
-0.142455,9.773131,-0.5363012,41579780353
0.22266077,9.832987,0.022744916,41599907186
0.050278235,9.842564,0.17956513,41620129936
-0.033518825,9.861717,0.34835634,41640568728
0.10654198,9.7803135,0.15083471,41661302186
-0.08140286,9.759963,-0.074220255,41680081020
0.076614454,9.8042555,0.073023155,41699461936
-0.017956512,9.8042555,0.20709845,41719719395
-0.3866636,9.783905,0.089782566,41739841270
0.06344634,9.831789,0.02633622,41759415770
0.17597382,9.877279,-0.23463176,41779472436
-0.037110128,9.78989,-0.077811554,41799601311
-0.011971008,9.768343,-0.062249243,41819189603
-0.046686932,9.810242,0.14724341,41839993645
-0.010773907,9.842564,0.1592144,41859491103
-0.25857377,9.710882,-0.18674773,41879126686
-0.08140286,9.836577,-0.022744916,41899113103
0.28491,9.837775,0.31483752,41919462561
0.22385786,9.824607,0.34237084,41938820978
-0.1340753,9.767146,-0.20590134,41958969520
-0.14963761,9.830592,-0.32202014,41979234395
